�ð�,1�����ǳ��,10�����ǳ��
2021-08-04 16:02,0,0
2021-08-04 16:12,133,94
2021-08-04 16:22,48.1,114
2021-08-04 16:32,44,40
2021-08-04 16:42,48.5,48
2021-08-04 16:52,38.5,28
2021-08-04 17:02,191,29
2021-08-04 17:12,6.2,16
2021-08-04 17:22,311.8,27
2021-08-04 17:32,12.8,18
2021-08-04 17:42,72.3,38
2021-08-04 17:52,66.2,51
2021-08-04 18:02,40.8,36
2021-08-04 18:12,39.8,49
2021-08-04 18:22,3.9,40
2021-08-04 18:32,29.9,28
2021-08-04 18:42,29.6,23
2021-08-04 18:52,121.2,38
2021-08-04 19:02,84.1,91
2021-08-04 19:12,75.6,98
2021-08-04 19:22,126.8,114
2021-08-04 19:32,54.6,137
2021-08-04 19:42,98,84
2021-08-04 19:52,5.3,40
2021-08-04 20:02,45.3,337
2021-08-04 20:12,300,347
2021-08-04 20:22,253.5,284
2021-08-04 20:32,283,266
2021-08-04 20:42,306,288
2021-08-04 20:52,293.9,309
2021-08-04 21:02,279,302
2021-08-04 21:12,294,284
2021-08-04 21:22,288.1,297
2021-08-04 21:32,269.3,288
2021-08-04 21:42,292.9,272
2021-08-04 21:52,249,281
2021-08-04 22:02,279.3,259
2021-08-04 22:12,259,276
2021-08-04 22:22,279.1,262
2021-08-04 22:32,276.5,270
2021-08-04 22:42,258.8,268
2021-08-04 22:52,269.8,269
2021-08-04 23:02,282.8,274
2021-08-04 23:12,262.6,273
2021-08-04 23:22,252.3,275
2021-08-04 23:32,242.8,257
2021-08-04 23:42,243.3,249
2021-08-04 23:52,253,254
2021-08-05 0:02,262.9,249
2021-08-05 0:12,256,262
2021-08-05 0:22,245,253
2021-08-05 0:32,248,246
2021-08-05 0:42,278,248
2021-08-05 0:52,241.1,268
2021-08-05 1:02,257,260
2021-08-05 1:12,246.1,260
2021-08-05 1:22,254.1,252
2021-08-05 1:32,273,260
2021-08-05 1:42,237,259
2021-08-05 1:52,276.9,251
2021-08-05 2:02,283.1,268
2021-08-05 2:12,273.2,289
2021-08-05 2:22,307,296
2021-08-05 2:32,308,302
2021-08-05 2:42,308,308
2021-08-05 2:52,309,309
2021-08-05 3:02,286,306
2021-08-05 3:12,297,292
2021-08-05 3:22,274,294
2021-08-05 3:32,286,284
2021-08-05 3:42,280,292
2021-08-05 3:52,295,289
2021-08-05 4:02,304.9,303
2021-08-05 4:12,306.9,294
2021-08-05 4:22,298,302
2021-08-05 4:32,293,294
2021-08-05 4:42,309,290
2021-08-05 4:52,313,305
2021-08-05 5:02,305,300
2021-08-05 5:12,289.5,306
2021-08-05 5:22,320.1,302
2021-08-05 5:32,317.3,320
2021-08-05 5:42,334.9,325
2021-08-05 5:52,275.1,318
2021-08-05 6:02,294.9,280
2021-08-05 6:12,291,287
2021-08-05 6:22,265,287
2021-08-05 6:32,274,268
2021-08-05 6:42,296,266
2021-08-05 6:52,288,287
2021-08-05 7:02,293.9,288
2021-08-05 7:12,304,295
2021-08-05 7:22,247.1,307
2021-08-05 7:32,244,283
2021-08-05 7:42,268.8,275
2021-08-05 7:52,262.1,261
2021-08-05 8:02,283.1,268
2021-08-05 8:12,85,273
2021-08-05 8:22,81,93
2021-08-05 8:32,85.1,83
2021-08-05 8:42,87,86
2021-08-05 8:52,97.9,86
2021-08-05 9:02,83.9,87
2021-08-05 9:12,89,83
2021-08-05 9:22,86.3,85
2021-08-05 9:32,86.3,85
2021-08-05 9:42,86.3,85
2021-08-05 9:52,86.3,85
2021-08-05 10:02,86.3,85
2021-08-05 10:12,86.3,85
2021-08-05 10:22,86.3,85
2021-08-05 10:32,86.3,85
2021-08-05 10:42,86.3,85
2021-08-05 10:52,86.3,85
2021-08-05 11:02,86.3,85
2021-08-05 11:12,86.3,85
2021-08-05 11:22,86.3,85
2021-08-05 11:32,86.3,85
2021-08-05 11:42,86.3,85
2021-08-05 11:52,8.3,116
2021-08-05 12:02,84,88
2021-08-05 12:12,232.9,99
2021-08-05 12:22,207,227
2021-08-05 12:32,222,225
2021-08-05 12:42,97.3,223
2021-08-05 12:52,247,221
2021-08-05 13:02,246.1,228
2021-08-05 13:12,227,248
2021-08-05 13:22,226,198
2021-08-05 13:32,190,215
2021-08-05 13:42,264.9,204
2021-08-05 13:52,120,120
2021-08-05 14:02,271,164
2021-08-05 14:12,269,221
2021-08-05 14:22,182,245
2021-08-05 14:32,253,199
2021-08-05 14:42,90.1,223
2021-08-05 14:52,140,112
2021-08-05 15:02,148,144
2021-08-05 15:12,101,166
2021-08-05 15:22,226,113
2021-08-05 15:32,234,160
2021-08-05 15:42,131,133
2021-08-05 15:52,180,184
2021-08-05 16:02,59,184
2021-08-05 16:12,142,167
2021-08-05 16:22,191,164
2021-08-05 16:32,187,192
2021-08-05 16:42,211,191
2021-08-05 16:52,188,196
2021-08-05 17:02,218,178
2021-08-05 17:12,208,195
2021-08-05 17:22,163,203
2021-08-05 17:32,211,172
2021-08-05 17:42,99,186
2021-08-05 17:52,148,195
2021-08-05 18:02,179,140
2021-08-05 18:12,204,175
2021-08-05 18:22,170,88
2021-08-05 18:32,259,174
2021-08-05 18:42,137,234
2021-08-05 18:52,55,232
2021-08-05 19:02,332,208
2021-08-05 19:12,199,297
2021-08-05 19:22,130,240
2021-08-05 19:32,26,177
2021-08-05 19:42,352,335
2021-08-05 19:52,93,334
2021-08-05 20:02,231,252
2021-08-05 20:12,287,249
2021-08-05 20:22,263,279
2021-08-05 20:32,267,274
2021-08-05 20:42,246,268
2021-08-05 20:52,222,242
2021-08-05 21:02,335,255
2021-08-05 21:12,262,327
2021-08-05 21:22,147,266
2021-08-05 21:32,317,253
2021-08-05 21:42,293,316
2021-08-05 21:52,48,317
2021-08-05 22:02,16,24
2021-08-05 22:12,334,20
2021-08-05 22:22,110,343
2021-08-05 22:32,236,272
2021-08-05 22:42,21,263
2021-08-05 22:52,25,275
2021-08-05 23:02,258,349
2021-08-05 23:12,255,261
2021-08-05 23:22,239,247
2021-08-05 23:32,224,237
2021-08-05 23:42,92,246
2021-08-05 23:52,257,68
2021-08-06 0:02,101,328
2021-08-06 0:12,135,94
2021-08-06 0:22,111,88
2021-08-06 0:32,226,96
2021-08-06 0:42,282,267
2021-08-06 0:52,35,309
2021-08-06 1:02,330,17
2021-08-06 1:12,105,97
2021-08-06 1:22,113,129
2021-08-06 1:32,45,87
2021-08-06 1:42,298,25
2021-08-06 1:52,355,309
2021-08-06 2:02,290,345
2021-08-06 2:12,290,287
2021-08-06 2:22,308,315
2021-08-06 2:32,271,298
2021-08-06 2:42,182,303
2021-08-06 2:52,44,145
2021-08-06 3:02,43,51
2021-08-06 3:12,325,52
2021-08-06 3:22,28,324
2021-08-06 3:32,340,44
2021-08-06 3:42,351,345
2021-08-06 3:52,24,356
2021-08-06 4:02,342,344
2021-08-06 4:12,335,342
2021-08-06 4:22,323,345
2021-08-06 4:32,305,325
2021-08-06 4:42,304,324
2021-08-06 4:52,302,304
2021-08-06 5:02,310,302
2021-08-06 5:12,350,309
2021-08-06 5:22,352,334
2021-08-06 5:32,343,343
2021-08-06 5:42,290,337
2021-08-06 5:52,303,301
2021-08-06 6:02,267,305
2021-08-06 6:12,260,290
2021-08-06 6:22,217,283
2021-08-06 6:32,249,231
2021-08-06 6:42,304,251
2021-08-06 6:52,327,307
2021-08-06 7:02,270,310
2021-08-06 7:12,330,314
2021-08-06 7:22,98,317
2021-08-06 7:32,136,119
2021-08-06 7:42,128,190
2021-08-06 7:52,66,145
2021-08-06 8:02,59,87
2021-08-06 8:12,108,85
2021-08-06 8:22,87,104
2021-08-06 8:32,88,89
2021-08-06 8:42,87,96
2021-08-06 8:52,94,92
2021-08-06 9:02,98,95
2021-08-06 9:12,111,101
2021-08-06 9:22,134,104
2021-08-06 9:32,136,136
2021-08-06 9:42,136,141
2021-08-06 9:52,133,134
2021-08-06 10:02,131,137
2021-08-06 10:12,128,132
2021-08-06 10:22,85,122
2021-08-06 10:32,110,114
2021-08-06 10:42,267,164
2021-08-06 10:52,214,246
2021-08-06 11:02,263,222
2021-08-06 11:12,229,210
2021-08-06 11:22,162,240
2021-08-06 11:32,224,201
2021-08-06 11:42,224,241
2021-08-06 11:52,221,247
2021-08-06 12:02,241,233
2021-08-06 12:12,90,228
2021-08-06 12:22,135,121
2021-08-06 12:32,120,126
2021-08-06 12:42,130,127
2021-08-06 12:52,119,113
2021-08-06 13:02,120,114
2021-08-06 13:12,105,126
2021-08-06 13:22,239,126
2021-08-06 13:32,232,201
2021-08-06 13:42,131,167
2021-08-06 13:52,99,132
2021-08-06 14:02,246,95
2021-08-06 14:12,220,165
2021-08-06 14:22,207,216
2021-08-06 14:32,191,209
2021-08-06 14:42,196,199
2021-08-06 14:52,225,168
2021-08-06 15:02,198,217
2021-08-06 15:12,161,173
2021-08-06 15:22,160,145
2021-08-06 15:32,192,174
2021-08-06 15:42,90,192
2021-08-06 15:52,285,123
2021-08-06 16:02,239,230
2021-08-06 16:12,231,263
2021-08-06 16:22,199,224
2021-08-06 16:32,113,183
2021-08-06 16:42,130,176
2021-08-06 16:52,114,141
2021-08-06 17:02,174,185
2021-08-06 17:12,59,190
2021-08-06 17:22,61,109
2021-08-06 17:32,261,106
2021-08-06 17:42,317,280
2021-08-06 17:52,59,350
2021-08-06 18:02,45,66
2021-08-06 18:12,299,140
2021-08-06 18:22,323,254
2021-08-06 18:32,234,302
2021-08-06 18:42,169,237
2021-08-06 18:52,114,144
2021-08-06 19:02,282,235
2021-08-06 19:12,246,270
2021-08-06 19:22,122,285
2021-08-06 19:32,314,88
2021-08-06 19:42,303,347
2021-08-06 19:52,84,315
2021-08-06 20:02,74,80
2021-08-06 20:12,34,86
2021-08-06 20:22,359,2
2021-08-06 20:32,64,26
2021-08-06 20:42,50,67
2021-08-06 20:52,63,66
2021-08-06 21:02,49,55
2021-08-06 21:12,60,53
2021-08-06 21:22,73,59
2021-08-06 21:32,53,65
2021-08-06 21:42,70,70
2021-08-06 21:52,65,68
2021-08-06 22:02,40,63
2021-08-06 22:12,69,57
2021-08-06 22:22,44,68
2021-08-06 22:32,50,51
2021-08-06 22:42,223,52
2021-08-06 22:52,249,289
2021-08-06 23:02,263,249
2021-08-06 23:12,243,250
2021-08-06 23:22,83,244
2021-08-06 23:32,100,90
2021-08-06 23:42,328,110
2021-08-06 23:52,253,216
2021-08-07 0:02,233,243
2021-08-07 0:12,221,214
2021-08-07 0:22,316,255
2021-08-07 0:32,305,276
2021-08-07 0:42,246,292
2021-08-07 0:52,321,287
2021-08-07 1:02,306,333
2021-08-07 1:12,303,311
2021-08-07 1:22,298,302
2021-08-07 1:32,275,289
2021-08-07 1:42,248,280
2021-08-07 1:52,266,255
2021-08-07 2:02,288,273
2021-08-07 2:12,353,280
2021-08-07 2:22,299,319
2021-08-07 2:32,339,314
2021-08-07 2:42,340,338
2021-08-07 2:52,309,339
2021-08-07 3:02,349,312
2021-08-07 3:12,39,336
2021-08-07 3:22,341,18
2021-08-07 3:32,38,356
2021-08-07 3:42,13,20
2021-08-07 3:52,261,341
2021-08-07 4:02,264,257
2021-08-07 4:12,239,256
2021-08-07 4:22,50,241
2021-08-07 4:32,285,6
2021-08-07 4:42,10,289
2021-08-07 4:52,294,320
2021-08-07 5:02,303,312
2021-08-07 5:12,302,322
2021-08-07 5:22,285,298
2021-08-07 5:32,286,306
2021-08-07 5:42,314,318
2021-08-07 5:52,304,306
2021-08-07 6:02,302,304
2021-08-07 6:12,296,303
2021-08-07 6:22,302,289
2021-08-07 6:32,286,287
2021-08-07 6:42,269,281
2021-08-07 6:52,255,280
2021-08-07 7:02,80,266
2021-08-07 7:12,137,116
2021-08-07 7:22,111,133
2021-08-07 7:32,239,105
2021-08-07 7:42,98,251
2021-08-07 7:52,127,101
2021-08-07 8:02,114,127
2021-08-07 8:12,108,127
2021-08-07 8:22,126,115
2021-08-07 8:32,79,107
2021-08-07 8:42,106,85
2021-08-07 8:52,79,92
2021-08-07 9:02,73,78
2021-08-07 9:12,67,73
2021-08-07 9:22,77,70
2021-08-07 9:32,67,69
2021-08-07 9:42,65,71
2021-08-07 9:52,75,69
2021-08-07 10:02,74,73
2021-08-07 10:12,74,72
2021-08-07 10:22,70,71
2021-08-07 10:32,69,68
2021-08-07 10:42,73,73
2021-08-07 10:52,77,71
2021-08-07 11:02,73,71
2021-08-07 11:12,72,73
2021-08-07 11:22,72,72
2021-08-07 11:32,73,72
2021-08-07 11:42,71,73
2021-08-07 11:52,71,72
2021-08-07 12:02,77,71
2021-08-07 12:12,73,74
2021-08-07 12:22,67,72
2021-08-07 12:32,72,70
2021-08-07 12:42,71,72
2021-08-07 12:52,68,72
2021-08-07 13:02,70,69
2021-08-07 13:12,72,70
2021-08-07 13:22,73,71
2021-08-07 13:32,66,72
2021-08-07 13:42,72,65
2021-08-07 13:52,73,68
2021-08-07 14:02,69,72
2021-08-07 14:12,72,70
2021-08-07 14:22,69,72
2021-08-07 14:32,72,69
2021-08-07 14:42,66,70
2021-08-07 14:52,73,66
2021-08-07 15:02,63,66
2021-08-07 15:12,66,68
2021-08-07 15:22,72,70
2021-08-07 15:32,71,70
2021-08-07 15:42,69,70
2021-08-07 15:52,73,71
2021-08-07 16:02,66,70
2021-08-07 16:12,76,72
2021-08-07 16:22,68,70
2021-08-07 16:32,66,69
2021-08-07 16:42,62,72
2021-08-07 16:52,37,63
2021-08-07 17:02,347,50
2021-08-07 17:12,340,11
2021-08-07 17:22,9,1
2021-08-07 17:32,323,356
2021-08-07 17:42,1,306
2021-08-07 17:52,294,353
2021-08-07 18:02,332,324
2021-08-07 18:12,7,327
2021-08-07 18:22,324,4
2021-08-07 18:32,328,306
2021-08-07 18:42,345,348
2021-08-07 18:52,351,315
2021-08-07 19:02,328,359
2021-08-07 19:12,324,333
2021-08-07 19:22,345,325
2021-08-07 19:32,308,7
2021-08-07 19:42,354,299
2021-08-07 19:52,338,343
2021-08-07 20:02,316,339
2021-08-07 20:12,310,314
2021-08-07 20:22,308,307
2021-08-07 20:32,301,301
2021-08-07 20:42,295,303
2021-08-07 20:52,305,300
2021-08-07 21:02,312,306
2021-08-07 21:12,305,308
2021-08-07 21:22,298,303
2021-08-07 21:32,299,304
2021-08-07 21:42,313,302
2021-08-07 21:52,303,305
2021-08-07 22:02,299,303
2021-08-07 22:12,300,307
2021-08-07 22:22,267,302
2021-08-07 22:32,309,284
2021-08-07 22:42,293,302
2021-08-07 22:52,305,298
2021-08-07 23:02,244,301
2021-08-07 23:12,264,257
2021-08-07 23:22,252,265
2021-08-07 23:32,294,258
2021-08-07 23:42,279,291
2021-08-07 23:52,280,289
2021-08-08 0:02,301,294
2021-08-08 0:12,305,307
2021-08-08 0:22,296,297
2021-08-08 0:32,291,299
2021-08-08 0:42,298,301
2021-08-08 0:52,291,290
2021-08-08 1:02,336,295
2021-08-08 1:12,330,321
2021-08-08 1:22,314,326
2021-08-08 1:32,320,312
2021-08-08 1:42,305,349
2021-08-08 1:52,6,357
2021-08-08 2:02,41,31
2021-08-08 2:12,30,49
2021-08-08 2:22,48,47
2021-08-08 2:32,57,57
2021-08-08 2:42,44,39
2021-08-08 2:52,44,44
2021-08-08 3:02,335,43
2021-08-08 3:12,306,341
2021-08-08 3:22,260,303
2021-08-08 3:32,300,274
2021-08-08 3:42,279,295
2021-08-08 3:52,275,286
2021-08-08 4:02,234,281
2021-08-08 4:12,238,252
2021-08-08 4:22,248,251
2021-08-08 4:32,291,257
2021-08-08 4:42,266,287
2021-08-08 4:52,274,275
2021-08-08 5:02,247,268
2021-08-08 5:12,253,258
2021-08-08 5:22,242,267
2021-08-08 5:32,290,251
2021-08-08 5:42,304,277
2021-08-08 5:52,293,299
2021-08-08 6:02,289,296
2021-08-08 6:12,269,295
2021-08-08 6:22,268,280
2021-08-08 6:32,279,274
2021-08-08 6:42,257,295
2021-08-08 6:52,317,254
2021-08-08 7:02,295,322
2021-08-08 7:12,135,286
2021-08-08 7:22,104,136
2021-08-08 7:32,358,52
2021-08-08 7:42,79,35
2021-08-08 7:52,30,32
2021-08-08 8:02,77,18
2021-08-08 8:12,55,60
2021-08-08 8:22,40,60
2021-08-08 8:32,64,51
2021-08-08 8:42,72,63
2021-08-08 8:52,70,74
2021-08-08 9:02,64,68
2021-08-08 9:12,62,67
2021-08-08 9:22,67,66
2021-08-08 9:32,43,60
2021-08-08 9:42,46,62
2021-08-08 9:52,55,47
2021-08-08 10:02,78,41
2021-08-08 10:12,68,74
2021-08-08 10:22,71,72
2021-08-08 10:32,76,66
2021-08-08 10:42,75,75
2021-08-08 10:52,66,73
2021-08-08 11:02,70,71
2021-08-08 11:12,76,73
2021-08-08 11:22,71,74
2021-08-08 11:32,74,72
2021-08-08 11:42,73,72
2021-08-08 11:52,74,71
2021-08-08 12:02,64,72
2021-08-08 12:12,6,56
2021-08-08 12:22,26,52
2021-08-08 12:32,68,46
2021-08-08 12:42,32,54
2021-08-08 12:52,49,51
2021-08-08 13:02,76,45
2021-08-08 13:12,88,56
2021-08-08 13:22,93,85
2021-08-08 13:32,88,86
2021-08-08 13:42,78,74
2021-08-08 13:52,74,65
2021-08-08 14:02,74,68
2021-08-08 14:12,70,63
2021-08-08 14:22,69,52
2021-08-08 14:32,79,60
2021-08-08 14:42,75,70
2021-08-08 14:52,79,78
2021-08-08 15:02,77,74
2021-08-08 15:12,78,72
2021-08-08 15:22,68,76
2021-08-08 15:32,52,70
2021-08-08 15:42,38,58
2021-08-08 15:52,58,38
2021-08-08 16:02,54,45
2021-08-08 16:12,38,47
2021-08-08 16:22,48,51
2021-08-08 16:32,53,48
2021-08-08 16:42,48,47
2021-08-08 16:52,39,31
2021-08-08 17:02,329,23
2021-08-08 17:12,75,357
2021-08-08 17:22,67,62
2021-08-08 17:32,20,64
2021-08-08 17:42,47,41
2021-08-08 17:52,59,42
2021-08-08 18:02,19,23
2021-08-08 18:12,287,357
2021-08-08 18:22,302,289
2021-08-08 18:32,287,291
2021-08-08 18:42,307,287
2021-08-08 18:52,301,299
2021-08-08 19:02,285,306
2021-08-08 19:12,290,292
2021-08-08 19:22,350,312
2021-08-08 19:32,42,17
2021-08-08 19:42,37,51
2021-08-08 19:52,52,49
2021-08-08 20:02,40,34
2021-08-08 20:12,51,44
2021-08-08 20:22,321,16
2021-08-08 20:32,18,350
2021-08-08 20:42,31,31
2021-08-08 20:52,60,37
2021-08-08 21:02,26,44
2021-08-08 21:12,41,33
2021-08-08 21:22,27,55
2021-08-08 21:32,32,44
2021-08-08 21:42,25,39
2021-08-08 21:52,354,7
2021-08-08 22:02,69,7
2021-08-08 22:12,23,60
2021-08-08 22:22,41,44
2021-08-08 22:32,46,37
2021-08-08 22:42,22,42
2021-08-08 22:52,54,27
2021-08-08 23:02,60,43
2021-08-08 23:12,58,58
2021-08-08 23:22,77,64
2021-08-08 23:32,66,78
2021-08-08 23:42,74,71
2021-08-08 23:52,74,70
2021-08-09 0:02,66,66
2021-08-09 0:12,56,61
2021-08-09 0:22,339,62
2021-08-09 0:32,299,350
2021-08-09 0:42,315,299
2021-08-09 0:52,308,305
2021-08-09 1:02,263,296
2021-08-09 1:12,54,289
2021-08-09 1:22,339,342
2021-08-09 1:32,313,335
2021-08-09 1:42,42,318
2021-08-09 1:52,38,37
2021-08-09 2:02,2,36
2021-08-09 2:12,64,5
2021-08-09 2:22,346,36
2021-08-09 2:32,353,17
2021-08-09 2:42,14,355
2021-08-09 2:52,37,6
2021-08-09 3:02,36,41
2021-08-09 3:12,52,46
2021-08-09 3:22,51,38
2021-08-09 3:32,52,39
2021-08-09 3:42,49,44
2021-08-09 3:52,58,45
2021-08-09 4:02,55,55
2021-08-09 4:12,59,54
2021-08-09 4:22,54,62
2021-08-09 4:32,43,58
2021-08-09 4:42,44,48
2021-08-09 4:52,56,50
2021-08-09 5:02,64,49
2021-08-09 5:12,55,54
2021-08-09 5:22,28,44
2021-08-09 5:32,317,15
2021-08-09 5:42,356,4
2021-08-09 5:52,2,4
2021-08-09 6:02,358,11
2021-08-09 6:12,313,360
2021-08-09 6:22,28,330
2021-08-09 6:32,10,19
2021-08-09 6:42,50,23
2021-08-09 6:52,359,356
2021-08-09 7:02,337,347
2021-08-09 7:12,0,339
2021-08-09 7:22,323,10
2021-08-09 7:32,14,352
2021-08-09 7:42,20,13
2021-08-09 7:52,20,13
2021-08-09 8:02,347,10
2021-08-09 8:12,1,18
2021-08-09 8:22,25,16
2021-08-09 8:32,338,22
2021-08-09 8:42,26,2
2021-08-09 8:52,53,28
2021-08-09 9:02,14,44
2021-08-09 9:12,12,24
2021-08-09 9:22,55,0
2021-08-09 9:32,4,29
2021-08-09 9:42,33,28
2021-08-09 9:52,12,25
2021-08-09 10:02,38,35
2021-08-09 10:12,47,48
2021-08-09 10:22,37,42
2021-08-09 10:32,57,54
2021-08-09 10:42,46,47
2021-08-09 10:52,41,52
2021-08-09 11:02,46,54
2021-08-09 11:12,46,56
2021-08-09 11:22,50,49
2021-08-09 11:32,63,53
2021-08-09 11:42,54,52
2021-08-09 11:52,56,52
2021-08-09 12:02,63,58
2021-08-09 12:12,62,57
2021-08-09 12:22,39,53
2021-08-09 12:32,54,52
2021-08-09 12:42,61,53
2021-08-09 12:52,44,56
2021-08-09 13:02,61,54
2021-08-09 13:12,56,51
2021-08-09 13:22,63,50
2021-08-09 13:32,55,56
2021-08-09 13:42,61,55
2021-08-09 13:52,47,55
2021-08-09 14:02,66,53
2021-08-09 14:12,57,53
2021-08-09 14:22,12,52
2021-08-09 14:32,54,40
2021-08-09 14:42,55,55
2021-08-09 14:52,57,56
2021-08-09 15:02,52,57
2021-08-09 15:12,59,54
2021-08-09 15:22,57,53
2021-08-09 15:32,52,53
2021-08-09 15:42,53,52
2021-08-09 15:52,52,46
2021-08-09 16:02,31,41
2021-08-09 16:12,46,38
2021-08-09 16:22,60,43
2021-08-09 16:32,16,48
2021-08-09 16:42,35,42
2021-08-09 16:52,342,36
2021-08-09 17:02,43,35
2021-08-09 17:12,37,43
2021-08-09 17:22,48,44
2021-08-09 17:32,46,24
2021-08-09 17:42,42,45
2021-08-09 17:52,38,43
2021-08-09 18:02,322,35
2021-08-09 18:12,41,33
2021-08-09 18:22,55,23
2021-08-09 18:32,42,39
2021-08-09 18:42,3,42
2021-08-09 18:52,28,38
2021-08-09 19:02,350,20
2021-08-09 19:12,14,23
2021-08-09 19:22,13,23
2021-08-09 19:32,335,15
2021-08-09 19:42,50,346
2021-08-09 19:52,13,45
2021-08-09 20:02,67,34
2021-08-09 20:12,50,38
2021-08-09 20:22,357,34
2021-08-09 20:32,39,21
2021-08-09 20:42,18,43
2021-08-09 20:52,33,35
2021-08-09 21:02,12,25
2021-08-09 21:12,6,24
2021-08-09 21:22,31,11
2021-08-09 21:32,358,353
2021-08-09 21:42,26,18
2021-08-09 21:52,315,5
2021-08-09 22:02,342,1
2021-08-09 22:12,20,15
2021-08-09 22:22,330,19
2021-08-09 22:32,350,6
2021-08-09 22:42,5,13
2021-08-09 22:52,331,346
2021-08-09 23:02,333,324
2021-08-09 23:12,328,335
2021-08-09 23:22,298,323
2021-08-09 23:32,300,302
2021-08-09 23:42,305,301
2021-08-09 23:52,321,299
2021-08-10 0:02,315,314
2021-08-10 0:12,313,312
2021-08-10 0:22,313,315
2021-08-10 0:32,314,311
2021-08-10 0:42,310,313
2021-08-10 0:52,288,305
2021-08-10 1:02,291,279
2021-08-10 1:12,303,300
2021-08-10 1:22,310,302
2021-08-10 1:32,284,303
2021-08-10 1:42,291,281
2021-08-10 1:52,306,286
2021-08-10 2:02,270,289
2021-08-10 2:12,266,281
2021-08-10 2:22,296,265
2021-08-10 2:32,286,288
2021-08-10 2:42,286,289
2021-08-10 2:52,274,286
2021-08-10 3:02,283,286
2021-08-10 3:12,287,285
2021-08-10 3:22,284,287
2021-08-10 3:32,282,298
2021-08-10 3:42,281,281
2021-08-10 3:52,289,288
2021-08-10 4:02,291,287
2021-08-10 4:12,291,294
2021-08-10 4:22,301,297
2021-08-10 4:32,246,274
2021-08-10 4:42,275,255
2021-08-10 4:52,280,260
2021-08-10 5:02,301,282
2021-08-10 5:12,288,286
2021-08-10 5:22,297,285
2021-08-10 5:32,265,291
2021-08-10 5:42,310,266
2021-08-10 5:52,287,290
2021-08-10 6:02,303,286
2021-08-10 6:12,290,300
2021-08-10 6:22,255,279
2021-08-10 6:32,276,275
2021-08-10 6:42,275,277
2021-08-10 6:52,285,283
2021-08-10 7:02,275,281
2021-08-10 7:12,284,276
2021-08-10 7:22,290,268
2021-08-10 7:32,293,288
2021-08-10 7:42,257,283
2021-08-10 7:52,256,250
2021-08-10 8:02,265,256
2021-08-10 8:12,241,261
2021-08-10 8:22,246,248
2021-08-10 8:32,281,263
2021-08-10 8:42,125,251
2021-08-10 8:52,121,132
2021-08-10 9:02,148,135
2021-08-10 9:12,114,137
2021-08-10 9:22,117,111
2021-08-10 9:32,206,121
2021-08-10 9:42,108,189
2021-08-10 9:52,132,110
2021-08-10 10:02,175,138
2021-08-10 10:12,107,134
2021-08-10 10:22,111,123
2021-08-10 10:32,130,107
2021-08-10 10:42,213,169
2021-08-10 10:52,141,212
2021-08-10 11:02,244,137
2021-08-10 11:12,242,159
2021-08-10 11:22,261,191
2021-08-10 11:32,179,233
2021-08-10 11:42,240,223
2021-08-10 11:52,198,229
2021-08-10 12:02,248,174
2021-08-10 12:12,188,242
2021-08-10 12:22,255,217
2021-08-10 12:32,255,252
2021-08-10 12:42,242,248
2021-08-10 12:52,260,242
2021-08-10 13:02,244,242
2021-08-10 13:12,232,241
2021-08-10 13:22,257,250
2021-08-10 13:32,191,257
2021-08-10 13:42,251,185
2021-08-10 13:52,254,262
2021-08-10 14:02,304,265
2021-08-10 14:12,6,308
2021-08-10 14:22,41,349
2021-08-10 14:32,262,302
2021-08-10 14:42,339,272
2021-08-10 14:52,70.8,208
2021-08-10 15:02,159,234
2021-08-10 15:12,241.9,188
2021-08-10 15:22,268.9,249
2021-08-10 15:32,269,226
2021-08-10 15:42,151.5,209
2021-08-10 15:52,173,175
2021-08-10 16:02,131,180
2021-08-10 16:12,252.3,152
2021-08-10 16:22,139.8,256
2021-08-10 16:32,49.8,158
2021-08-10 16:42,234.8,73
2021-08-10 16:52,231.5,247
2021-08-10 17:02,233,246
2021-08-10 17:12,252.6,235
2021-08-10 17:22,245.1,244
2021-08-10 17:32,258.9,243
2021-08-10 17:42,234.3,239
2021-08-10 17:52,241.8,244
2021-08-10 18:02,238.5,241
2021-08-10 18:12,239.2,241
2021-08-10 18:22,236.4,240
2021-08-10 18:32,245.5,241
2021-08-10 18:42,241.3,251
2021-08-10 18:52,236.5,243
2021-08-10 19:02,292.8,242
2021-08-10 19:12,274.4,266
2021-08-10 19:22,224.2,259
2021-08-10 19:32,264.4,240
2021-08-10 19:42,247.1,246
2021-08-10 19:52,228,247
2021-08-10 20:02,250.4,241
2021-08-10 20:12,253.2,254
2021-08-10 20:22,277.7,259
2021-08-10 20:32,271,263
2021-08-10 20:42,253,272
2021-08-10 20:52,296,257
2021-08-10 21:02,257.9,291
2021-08-10 21:12,258.1,258
2021-08-10 21:22,269.3,255
2021-08-10 21:32,281.9,269
2021-08-10 21:42,310.7,279
2021-08-10 21:52,320.9,341
2021-08-10 22:02,329,319
2021-08-10 22:12,251.3,329
2021-08-10 22:22,328.6,337
2021-08-10 22:32,315,326
2021-08-10 22:42,282.5,309
2021-08-10 22:52,246.3,280
2021-08-10 23:02,273.5,250
2021-08-10 23:12,287,260
2021-08-10 23:22,303.5,278
2021-08-10 23:32,251,292
2021-08-10 23:42,321.5,241
2021-08-10 23:52,315.5,310
2021-08-11 0:02,300.3,315
2021-08-11 0:12,298.6,288
2021-08-11 0:22,282.3,296
2021-08-11 0:32,299.8,276
2021-08-11 0:42,248.5,272
2021-08-11 0:52,252.9,261
2021-08-11 1:02,248.5,262
2021-08-11 1:12,266.4,246
2021-08-11 1:22,265.3,266
2021-08-11 1:32,274.9,264
2021-08-11 1:42,268.5,272
2021-08-11 1:52,257.3,268
2021-08-11 2:02,280,269
2021-08-11 2:12,242.8,271
2021-08-11 2:22,245,251
2021-08-11 2:32,258,272
2021-08-11 2:42,258.8,270
2021-08-11 2:52,263.1,254
2021-08-11 3:02,286.4,268
2021-08-11 3:12,255.9,273
2021-08-11 3:22,271.3,258
2021-08-11 3:32,255.2,255
2021-08-11 3:42,320.8,247
2021-08-11 3:52,290.8,319
2021-08-11 4:02,272.1,314
2021-08-11 4:12,297.9,261
2021-08-11 4:22,312,286
2021-08-11 4:32,320.7,304
2021-08-11 4:42,311.9,316
2021-08-11 4:52,311.3,313
2021-08-11 5:02,295.3,314
2021-08-11 5:12,284.5,303
2021-08-11 5:22,250.3,291
2021-08-11 5:32,257.5,258
2021-08-11 5:42,225.6,259
2021-08-11 5:52,164.4,252
2021-08-11 6:02,304.7,211
2021-08-11 6:12,240,275
2021-08-11 6:22,227.8,236
2021-08-11 6:32,247.5,241
2021-08-11 6:42,315.6,265
2021-08-11 6:52,320.8,288
2021-08-11 7:02,295.2,293
2021-08-11 7:12,301.2,290
2021-08-11 7:22,301.9,296
2021-08-11 7:32,296.4,293
2021-08-11 7:42,301.6,279
2021-08-11 7:52,348.8,280
2021-08-11 8:02,21.2,338
2021-08-11 8:12,59.9,357
2021-08-11 8:22,52.9,49
2021-08-11 8:32,57.9,60
2021-08-11 8:42,64.7,58
2021-08-11 8:52,32.4,55
2021-08-11 9:02,57.8,51
2021-08-11 9:12,50.9,41
2021-08-11 9:22,54.8,54
2021-08-11 9:32,44.9,62
2021-08-11 9:42,31.1,56
2021-08-11 9:52,59.1,55
2021-08-11 10:02,32.8,56
2021-08-11 10:12,66.8,55
2021-08-11 10:22,76.1,67
2021-08-11 10:32,71,74
2021-08-11 10:42,75,72
2021-08-11 10:52,77,72
2021-08-11 11:02,76,75
2021-08-11 11:12,76,75
2021-08-11 11:22,68,74
2021-08-11 11:32,67,69
2021-08-11 11:42,73,74
2021-08-11 11:52,77,73
2021-08-11 12:02,79,75
2021-08-11 12:12,72,77
2021-08-11 12:22,76,77
2021-08-11 12:32,78,74
2021-08-11 12:42,77,75
2021-08-11 12:52,79,76
2021-08-11 13:02,81,78
2021-08-11 13:12,47,78
2021-08-11 13:22,52,72
2021-08-11 13:32,87,71
2021-08-11 13:42,80,84
2021-08-11 13:52,47.1,81
2021-08-11 14:02,76.9,67
2021-08-11 14:12,49,74
2021-08-11 14:22,78,68
2021-08-11 14:32,62.9,76
2021-08-11 14:42,64,49
2021-08-11 14:52,83,48
2021-08-11 15:02,74,76
2021-08-11 15:12,81,71
2021-08-11 15:22,68,76
2021-08-11 15:32,74,67
2021-08-11 15:42,55,75
2021-08-11 15:52,65,71
2021-08-11 16:02,76,63
2021-08-11 16:12,62,72
2021-08-11 16:22,91,57
2021-08-11 16:32,80,70
2021-08-11 16:42,60,68
2021-08-11 16:52,58,59
2021-08-11 17:02,76,58
2021-08-11 17:12,52,60
2021-08-11 17:22,57,53
2021-08-11 17:32,76,71
2021-08-11 17:42,73,73
2021-08-11 17:52,71,69
2021-08-11 18:02,65,72
2021-08-11 18:12,74,71
2021-08-11 18:22,69,72
2021-08-11 18:32,71,69
2021-08-11 18:42,72,67
2021-08-11 18:52,59,65
2021-08-11 19:02,70,65
2021-08-11 19:12,42,64
2021-08-11 19:22,67,55
2021-08-11 19:32,77,64
2021-08-11 19:42,36,65
2021-08-11 19:52,55,57
2021-08-11 20:02,8,25
2021-08-11 20:12,335.9,355
2021-08-11 20:22,329,344
2021-08-11 20:32,298,332
2021-08-11 20:42,283,309
2021-08-11 20:52,311,294
2021-08-11 21:02,271,301
2021-08-11 21:12,303,269
2021-08-11 21:22,307,297
2021-08-11 21:32,309,303
2021-08-11 21:42,308,314
2021-08-11 21:52,281,309
2021-08-11 22:02,308.8,292
2021-08-11 22:12,280,291
2021-08-11 22:22,307,289
2021-08-11 22:32,305,302
2021-08-11 22:42,254,302
2021-08-11 22:52,331,284
2021-08-11 23:02,291,306
2021-08-11 23:12,289,296
2021-08-11 23:22,309,288
2021-08-11 23:32,294,302
2021-08-11 23:42,299,294
2021-08-11 23:52,297,301
2021-08-12 0:02,329,295
2021-08-12 0:12,279,319
2021-08-12 0:22,260,275
2021-08-12 0:32,257,266
2021-08-12 0:42,306,269
2021-08-12 0:52,295,292
2021-08-12 1:02,339.9,295
2021-08-12 1:12,290,323
2021-08-12 1:22,321,297
2021-08-12 1:32,297,315
2021-08-12 1:42,300,301
2021-08-12 1:52,286,296
2021-08-12 2:02,303,270
2021-08-12 2:12,308,298
2021-08-12 2:22,304,303
2021-08-12 2:32,300,295
2021-08-12 2:42,277,299
2021-08-12 2:52,297,287
2021-08-12 3:02,286,293
2021-08-12 3:12,310,290
2021-08-12 3:22,288,302
2021-08-12 3:32,309,300
2021-08-12 3:42,299,299
2021-08-12 3:52,299,301
2021-08-12 4:02,295,301
2021-08-12 4:12,286,291
2021-08-12 4:22,300,292
2021-08-12 4:32,296,300
2021-08-12 4:42,306,300
2021-08-12 4:52,283,298
2021-08-12 5:02,290,288
2021-08-12 5:12,294,293
2021-08-12 5:22,292,290
2021-08-12 5:32,337,305
2021-08-12 5:42,282,339
2021-08-12 5:52,283,295
2021-08-12 6:02,294,293
2021-08-12 6:12,286,293
2021-08-12 6:22,289,294
2021-08-12 6:32,307,293
2021-08-12 6:42,308,297
2021-08-12 6:52,282,311
2021-08-12 7:02,285,312
2021-08-12 7:12,269,288
2021-08-12 7:22,307,274
2021-08-12 7:32,245,274
2021-08-12 7:42,258,257
2021-08-12 7:52,261,250
2021-08-12 8:02,243,249
2021-08-12 8:12,349,248
2021-08-12 8:22,58,11
2021-08-12 8:32,46,60
2021-08-12 8:42,70,49
2021-08-12 8:52,51,64
2021-08-12 9:02,58,57
2021-08-12 9:12,55,58
2021-08-12 9:22,55,61
2021-08-12 9:32,68,59
2021-08-12 9:42,75,59
2021-08-12 9:52,75,72
2021-08-12 10:02,75,73
2021-08-12 10:12,71,75
2021-08-12 10:22,76,73
2021-08-12 10:32,74,73
2021-08-12 10:42,73,74
2021-08-12 10:52,74,71
2021-08-12 11:02,69,69
2021-08-12 11:12,70,73
2021-08-12 11:22,78,71
2021-08-12 11:32,70,73
2021-08-12 11:42,72,72
2021-08-12 11:52,73,72
2021-08-12 12:02,72,75
2021-08-12 12:12,73,74
2021-08-12 12:22,58,72
2021-08-12 12:32,79,70
2021-08-12 12:42,73,74
2021-08-12 12:52,76,69
2021-08-12 13:02,72,75
2021-08-12 13:12,75,74
2021-08-12 13:22,74,73
2021-08-12 13:32,65,75
2021-08-12 13:42,75,69
2021-08-12 13:52,72,70
2021-08-12 14:02,70,74
2021-08-12 14:12,76,73
2021-08-12 14:22,74,72
2021-08-12 14:32,73,70
2021-08-12 14:42,79,70
2021-08-12 14:52,77,74
2021-08-12 15:02,67,72
2021-08-12 15:12,72,69
2021-08-12 15:22,69,72
2021-08-12 15:32,70,74
2021-08-12 15:42,75,61
2021-08-12 15:52,70,71
2021-08-12 16:02,65,72
2021-08-12 16:12,79,71
2021-08-12 16:22,75,71
2021-08-12 16:32,71,74
2021-08-12 16:42,74,73
2021-08-12 16:52,70,73
2021-08-12 17:02,12,71
2021-08-12 17:12,94,40
2021-08-12 17:22,75,65
2021-08-12 17:32,96,72
2021-08-12 17:42,37,98
2021-08-12 17:52,53,52
2021-08-12 18:02,36,60
2021-08-12 18:12,48,56
2021-08-12 18:22,51,55
2021-08-12 18:32,352,52
2021-08-12 18:42,53,42
2021-08-12 18:52,60,41
2021-08-12 19:02,325,49
2021-08-12 19:12,283,1
2021-08-12 19:22,318,296
2021-08-12 19:32,302,337
2021-08-12 19:42,186,291
2021-08-12 19:52,304,232
2021-08-12 20:02,325,286
2021-08-12 20:12,303,327
2021-08-12 20:22,293,321
2021-08-12 20:32,252,307
2021-08-12 20:42,283,246
2021-08-12 20:52,294,278
2021-08-12 21:02,298,289
2021-08-12 21:12,267,276
2021-08-12 21:22,308,290
2021-08-12 21:32,302,312
2021-08-12 21:42,296,297
2021-08-12 21:52,288,275
2021-08-12 22:02,250,291
2021-08-12 22:12,268,246
2021-08-12 22:22,262,264
2021-08-12 22:32,283,264
2021-08-12 22:42,294,283
2021-08-12 22:52,301,296
2021-08-12 23:02,300,288
2021-08-12 23:12,299,278
2021-08-12 23:22,310,297
2021-08-12 23:32,296,304
2021-08-12 23:42,285,299
2021-08-12 23:52,262,290
2021-08-13 0:02,285,278
2021-08-13 0:12,297,285
2021-08-13 0:22,286,295
2021-08-13 0:32,294,293
2021-08-13 0:42,314,292
2021-08-13 0:52,278,300
2021-08-13 1:02,295,287
2021-08-13 1:12,308,298
2021-08-13 1:22,289,302
2021-08-13 1:32,291,289
2021-08-13 1:42,299,290
2021-08-13 1:52,298,291
2021-08-13 2:02,287,298
2021-08-13 2:12,279,283
2021-08-13 2:22,297,280
2021-08-13 2:32,301,286
2021-08-13 2:42,297,300
2021-08-13 2:52,284,287
2021-08-13 3:02,289,285
2021-08-13 3:12,272,289
2021-08-13 3:22,283,275
2021-08-13 3:32,295,276
2021-08-13 3:42,306,306
2021-08-13 3:52,297,304
2021-08-13 4:02,273,290
2021-08-13 4:12,273,290
2021-08-13 4:22,299,278
2021-08-13 4:32,301,294
2021-08-13 4:42,290,298
2021-08-13 4:52,307,296
2021-08-13 5:02,295,293
2021-08-13 5:12,323,287
2021-08-13 5:22,298,306
2021-08-13 5:32,312,303
2021-08-13 5:42,309,307
2021-08-13 5:52,299,310
2021-08-13 6:02,302,303
2021-08-13 6:12,297,298
2021-08-13 6:22,242,306
2021-08-13 6:32,275,261
2021-08-13 6:42,269,271
2021-08-13 6:52,297,284
2021-08-13 7:02,233,299
2021-08-13 7:12,282,271
2021-08-13 7:22,273,271
2021-08-13 7:32,238,282
2021-08-13 7:42,284,257
2021-08-13 7:52,239,281
2021-08-13 8:02,296,251
2021-08-13 8:12,74,282
2021-08-13 8:22,57,58
2021-08-13 8:32,44,55
2021-08-13 8:42,34,51
2021-08-13 8:52,58,34
2021-08-13 9:02,52,55
2021-08-13 9:12,42,48
2021-08-13 9:22,43,44
2021-08-13 9:32,57,58
2021-08-13 9:42,56,45
2021-08-13 9:52,58,52
2021-08-13 10:02,145,57
2021-08-13 10:12,152,132
2021-08-13 10:22,32,117
2021-08-13 10:32,50,71
2021-08-13 10:42,298,49
2021-08-13 10:52,68,15
2021-08-13 11:02,61,55
2021-08-13 11:12,54,55
2021-08-13 11:22,48,59
2021-08-13 11:32,60,56
2021-08-13 11:42,59,55
2021-08-13 11:52,56,55
2021-08-13 12:02,39,53
2021-08-13 12:12,64,50
2021-08-13 12:22,47,45
2021-08-13 12:32,53,57
2021-08-13 12:42,33,49
2021-08-13 12:52,44,36
2021-08-13 13:02,41,54
2021-08-13 13:12,58,55
2021-08-13 13:22,70,52
2021-08-13 13:32,59,50
2021-08-13 13:42,49,57
2021-08-13 13:52,65,57
2021-08-13 14:02,46,55
2021-08-13 14:12,36,54
2021-08-13 14:22,59,55
2021-08-13 14:32,26,59
2021-08-13 14:42,50,44
2021-08-13 14:52,72,49
2021-08-13 15:02,31,61
2021-08-13 15:12,38,50
2021-08-13 15:22,49,49
2021-08-13 15:32,44,48
2021-08-13 15:42,48,41
2021-08-13 15:52,73,59
2021-08-13 16:02,53,53
2021-08-13 16:12,47,49
2021-08-13 16:22,54,54
2021-08-13 16:32,56,52
2021-08-13 16:42,44,53
2021-08-13 16:52,48,47
2021-08-13 17:02,48,49
2021-08-13 17:12,47,50
2021-08-13 17:22,42,48
2021-08-13 17:32,48,51
2021-08-13 17:42,54,56
2021-08-13 17:52,45,54
2021-08-13 18:02,43,45
2021-08-13 18:12,55,45
2021-08-13 18:22,50,41
2021-08-13 18:32,17,50
2021-08-13 18:42,20,36
2021-08-13 18:52,27,32
2021-08-13 19:02,43,41
2021-08-13 19:12,23,31
2021-08-13 19:22,48,48
2021-08-13 19:32,52,25
2021-08-13 19:42,42,47
2021-08-13 19:52,48,46
2021-08-13 20:02,360,44
2021-08-13 20:12,60,29
2021-08-13 20:22,24,52
2021-08-13 20:32,61,43
2021-08-13 20:42,356,46
2021-08-13 20:52,47,39
2021-08-13 21:02,57,40
2021-08-13 21:12,46,52
2021-08-13 21:22,68,41
2021-08-13 21:32,74,28
2021-08-13 21:42,45,59
2021-08-13 21:52,22,38
2021-08-13 22:02,65,39
2021-08-13 22:12,320,26
2021-08-13 22:22,319,329
2021-08-13 22:32,297,320
2021-08-13 22:42,280,304
2021-08-13 22:52,298,269
2021-08-13 23:02,275,279
2021-08-13 23:12,279,272
2021-08-13 23:22,248,294
2021-08-13 23:32,223,290
2021-08-13 23:42,282,286
2021-08-13 23:52,312,286
2021-08-14 0:02,255,303
2021-08-14 0:12,239,273
2021-08-14 0:22,258,267
2021-08-14 0:32,264,265
2021-08-14 0:42,284,292
2021-08-14 0:52,281,310
2021-08-14 1:02,311,291
2021-08-14 1:12,300,293
2021-08-14 1:22,289,298
2021-08-14 1:32,289,279
2021-08-14 1:42,311,285
2021-08-14 1:52,252,303
2021-08-14 2:02,268,274
2021-08-14 2:12,232,259
2021-08-14 2:22,260,263
2021-08-14 2:32,270,253
2021-08-14 2:42,281,268
2021-08-14 2:52,220,279
2021-08-14 3:02,246,266
2021-08-14 3:12,273,264
2021-08-14 3:22,277,263
2021-08-14 3:32,245,255
2021-08-14 3:42,277,250
2021-08-14 3:52,289,263
2021-08-14 4:02,247,274
2021-08-14 4:12,281,257
2021-08-14 4:22,301,265
2021-08-14 4:32,291,285
2021-08-14 4:42,292,294
2021-08-14 4:52,289,294
2021-08-14 5:02,289,292
2021-08-14 5:12,270,294
2021-08-14 5:22,289,291
2021-08-14 5:32,287,297
2021-08-14 5:42,305,294
2021-08-14 5:52,285,300
2021-08-14 6:02,300,287
2021-08-14 6:12,268,291
2021-08-14 6:22,271,267
2021-08-14 6:32,305,271
2021-08-14 6:42,304,287
2021-08-14 6:52,304,303
2021-08-14 7:02,52,301
2021-08-14 7:12,42,63
2021-08-14 7:22,46,52
2021-08-14 7:32,44,41
2021-08-14 7:42,347,50
2021-08-14 7:52,50,31
2021-08-14 8:02,59,48
2021-08-14 8:12,50,54
2021-08-14 8:22,48,52
2021-08-14 8:32,58,56
2021-08-14 8:42,5,55
2021-08-14 8:52,57,32
2021-08-14 9:02,283,359
2021-08-14 9:12,241,275
2021-08-14 9:22,219,241
2021-08-14 9:32,274,251
2021-08-14 9:42,273,280
2021-08-14 9:52,300,276
2021-08-14 10:02,285,301
2021-08-14 10:12,289,279
2021-08-14 10:22,272,283
2021-08-14 10:32,290,260
2021-08-14 10:42,268,290
2021-08-14 10:52,35,278
2021-08-14 11:02,65,21
2021-08-14 11:12,292,49
2021-08-14 11:22,304,304
2021-08-14 11:32,55,336
2021-08-14 11:42,297,25
2021-08-14 11:52,329,315
2021-08-14 12:02,303,321
2021-08-14 12:12,37,312
2021-08-14 12:22,347,26
2021-08-14 12:32,249,340
2021-08-14 12:42,259,275
2021-08-14 12:52,39,267
2021-08-14 13:02,55,39
2021-08-14 13:12,68,51
2021-08-14 13:22,69,61
2021-08-14 13:32,72,71
2021-08-14 13:42,71,73
2021-08-14 13:52,69,71
2021-08-14 14:02,72,70
2021-08-14 14:12,31,69
2021-08-14 14:22,73,66
2021-08-14 14:32,70,71
2021-08-14 14:42,80,71
2021-08-14 14:52,71,78
2021-08-14 15:02,67,69
2021-08-14 15:12,70,63
2021-08-14 15:22,51,63
2021-08-14 15:32,67,66
2021-08-14 15:42,68,64
2021-08-14 15:52,69,60
2021-08-14 16:02,38,49
2021-08-14 16:12,72,55
2021-08-14 16:22,66,62
2021-08-14 16:32,73,68
2021-08-14 16:42,57,70
2021-08-14 16:52,69,52
2021-08-14 17:02,39,58
2021-08-14 17:12,50,54
2021-08-14 17:22,35,53
2021-08-14 17:32,62,60
2021-08-14 17:42,61,55
2021-08-14 17:52,45,66
2021-08-14 18:02,67,53
2021-08-14 18:12,68,67
2021-08-14 18:22,60,61
2021-08-14 18:32,69,61
2021-08-14 18:42,41,67
2021-08-14 18:52,77,64
2021-08-14 19:02,73,71
2021-08-14 19:12,64,65
2021-08-14 19:22,70,68
2021-08-14 19:32,62,69
2021-08-14 19:42,70,65
2021-08-14 19:52,69,64
2021-08-14 20:02,71,62
2021-08-14 20:12,67,65
2021-08-14 20:22,77,64
2021-08-14 20:32,71,64
2021-08-14 20:42,57,67
2021-08-14 20:52,58,58
2021-08-14 21:02,66,63
2021-08-14 21:12,45,63
2021-08-14 21:22,16,49
2021-08-14 21:32,42,45
2021-08-14 21:42,352,40
2021-08-14 21:52,346,22
2021-08-14 22:02,32,14
2021-08-14 22:12,63,30
2021-08-14 22:22,317,38
2021-08-14 22:32,57,354
2021-08-14 22:42,67,53
2021-08-14 22:52,68,64
2021-08-14 23:02,69,64
2021-08-14 23:12,63,61
2021-08-14 23:22,56,63
2021-08-14 23:32,349,56
2021-08-14 23:42,33,36
2021-08-14 23:52,29,49
2021-08-15 0:02,357,16
2021-08-15 0:12,35,24
2021-08-15 0:22,15,15
2021-08-15 0:32,61,31
2021-08-15 0:42,350,27
2021-08-15 0:52,342,9
2021-08-15 1:02,5,16
2021-08-15 1:12,42,354
2021-08-15 1:22,6,9
2021-08-15 1:32,22,17
2021-08-15 1:42,346,13
2021-08-15 1:52,338,359
2021-08-15 2:02,333,354
2021-08-15 2:12,336,344
2021-08-15 2:22,354,349
2021-08-15 2:32,354,351
2021-08-15 2:42,337,11
2021-08-15 2:52,23,8
2021-08-15 3:02,10,351
2021-08-15 3:12,360,357
2021-08-15 3:22,348,3
2021-08-15 3:32,340,353
2021-08-15 3:42,11,358
2021-08-15 3:52,33,13
2021-08-15 4:02,36,14
2021-08-15 4:12,34,24
2021-08-15 4:22,13,22
2021-08-15 4:32,355,23
2021-08-15 4:42,6,4
2021-08-15 4:52,11,3
2021-08-15 5:02,17,8
2021-08-15 5:12,28,4
2021-08-15 5:22,36,14
2021-08-15 5:32,38,27
2021-08-15 5:42,9,2
2021-08-15 5:52,335,21
2021-08-15 6:02,40,17
2021-08-15 6:12,5,15
2021-08-15 6:22,354,18
2021-08-15 6:32,357,16
2021-08-15 6:42,53,9
2021-08-15 6:52,31,23
2021-08-15 7:02,322,19
2021-08-15 7:12,25,12
2021-08-15 7:22,27,17
2021-08-15 7:32,327,26
2021-08-15 7:42,46,16
2021-08-15 7:52,45,42
2021-08-15 8:02,57,27
2021-08-15 8:12,2,37
2021-08-15 8:22,10,6
2021-08-15 8:32,333,353
2021-08-15 8:42,340,347
2021-08-15 8:52,354,337
2021-08-15 9:02,39,3
2021-08-15 9:12,61,1
2021-08-15 9:22,66,43
2021-08-15 9:32,51,66
2021-08-15 9:42,57,66
2021-08-15 9:52,66,61
2021-08-15 10:02,24,65
2021-08-15 10:12,66,37
2021-08-15 10:22,56,45
2021-08-15 10:32,26,58
2021-08-15 10:42,343,25
2021-08-15 10:52,334,359
2021-08-15 11:02,60,348
2021-08-15 11:12,61,31
2021-08-15 11:22,349,58
2021-08-15 11:32,43,13
2021-08-15 11:42,57,22
2021-08-15 11:52,29,40
2021-08-15 12:02,354,46
2021-08-15 12:12,49,34
2021-08-15 12:22,21,19
2021-08-15 12:32,27,36
2021-08-15 12:42,9,43
2021-08-15 12:52,55,18
2021-08-15 13:02,21,49
2021-08-15 13:12,58,34
2021-08-15 13:22,40,46
2021-08-15 13:32,61,29
2021-08-15 13:42,56,38
2021-08-15 13:52,60,55
2021-08-15 14:02,25,54
2021-08-15 14:12,41,45
2021-08-15 14:22,30,42
2021-08-15 14:32,360,33
2021-08-15 14:42,57,26
2021-08-15 14:52,31,44
2021-08-15 15:02,65,43
2021-08-15 15:12,78,55
2021-08-15 15:22,46,71
2021-08-15 15:32,62,52
2021-08-15 15:42,57,60
2021-08-15 15:52,56,49
2021-08-15 16:02,50,50
2021-08-15 16:12,62,45
2021-08-15 16:22,54,54
2021-08-15 16:32,51,53
2021-08-15 16:42,49,53
2021-08-15 16:52,51,46
2021-08-15 17:02,357,38
2021-08-15 17:12,303,2
2021-08-15 17:22,339,307
2021-08-15 17:32,314,333
2021-08-15 17:42,304,336
2021-08-15 17:52,332,335
2021-08-15 18:02,281,342
2021-08-15 18:12,298,302
2021-08-15 18:22,275,293
2021-08-15 18:32,292,291
2021-08-15 18:42,298,293
2021-08-15 18:52,287,290
2021-08-15 19:02,297,291
2021-08-15 19:12,295,292
2021-08-15 19:22,286,293
2021-08-15 19:32,303,298
2021-08-15 19:42,252,286
2021-08-15 19:52,259,273
2021-08-15 20:02,279,264
2021-08-15 20:12,261,264
2021-08-15 20:22,278,258
2021-08-15 20:32,276,293
2021-08-15 20:42,306,296
2021-08-15 20:52,294,293
2021-08-15 21:02,6,317
2021-08-15 21:12,62,14
2021-08-15 21:22,295,47
2021-08-15 21:32,305,306
2021-08-15 21:42,282,283
2021-08-15 21:52,262,278
2021-08-15 22:02,253,253
2021-08-15 22:12,262,252
2021-08-15 22:22,300,278
2021-08-15 22:32,314,302
2021-08-15 22:42,304,313
2021-08-15 22:52,246,311
2021-08-15 23:02,253,261
2021-08-15 23:12,288,250
2021-08-15 23:22,302,285
2021-08-15 23:32,250,294
2021-08-15 23:42,266,284
2021-08-15 23:52,248,258
2021-08-16 0:02,293,256
2021-08-16 0:12,290,282
2021-08-16 0:22,265,289
2021-08-16 0:32,277,272
2021-08-16 0:42,252,276
2021-08-16 0:52,250,250
2021-08-16 1:02,296,257
2021-08-16 1:12,299,288
2021-08-16 1:22,294,288
2021-08-16 1:32,270,293
2021-08-16 1:42,289,285
2021-08-16 1:52,258,292
2021-08-16 2:02,277,280
2021-08-16 2:12,264,273
2021-08-16 2:22,280,259
2021-08-16 2:32,302,283
2021-08-16 2:42,270,282
2021-08-16 2:52,255,271
2021-08-16 3:02,260,256
2021-08-16 3:12,300,268
2021-08-16 3:22,300,289
2021-08-16 3:32,298,299
2021-08-16 3:42,286,298
2021-08-16 3:52,295,274
2021-08-16 4:02,298,294
2021-08-16 4:12,308,302
2021-08-16 4:22,306,310
2021-08-16 4:32,302,301
2021-08-16 4:42,254,298
2021-08-16 4:52,278,264
2021-08-16 5:02,281,279
2021-08-16 5:12,290,281
2021-08-16 5:22,295,281
2021-08-16 5:32,259,288
2021-08-16 5:42,299,265
2021-08-16 5:52,295,296
2021-08-16 6:02,302,296
2021-08-16 6:12,302,299
2021-08-16 6:22,311,305
2021-08-16 6:32,307,305
2021-08-16 6:42,308,308
2021-08-16 6:52,310,302
2021-08-16 7:02,308,311
2021-08-16 7:12,306,309
2021-08-16 7:22,296,297
2021-08-16 7:32,282,289
2021-08-16 7:42,282,287
2021-08-16 7:52,280,279
2021-08-16 8:02,284,280
2021-08-16 8:12,295,288
2021-08-16 8:22,310,298
2021-08-16 8:32,310,299
2021-08-16 8:42,276,305
2021-08-16 8:52,189,266
2021-08-16 9:02,234,286
2021-08-16 9:12,74,245
2021-08-16 9:22,64,64
2021-08-16 9:32,71,58
2021-08-16 9:42,75,70
2021-08-16 9:52,78,75
2021-08-16 10:02,70,73
2021-08-16 10:12,75,75
2021-08-16 10:22,77,75
2021-08-16 10:32,70,75
2021-08-16 10:42,70,76
2021-08-16 10:52,77,70
2021-08-16 11:02,74,70
2021-08-16 11:12,71,73
2021-08-16 11:22,83,75
2021-08-16 11:32,71,76
2021-08-16 11:42,74,75
2021-08-16 11:52,79,72
2021-08-16 12:02,76,77
2021-08-16 12:12,77,75
2021-08-16 12:22,73,74
2021-08-16 12:32,76,69
2021-08-16 12:42,72,75
2021-08-16 12:52,77,74
2021-08-16 13:02,73,73
2021-08-16 13:12,49,71
2021-08-16 13:22,72,68
2021-08-16 13:32,72,76
2021-08-16 13:42,76,75
2021-08-16 13:52,76,75
2021-08-16 14:02,77,76
2021-08-16 14:12,76,76
2021-08-16 14:22,76,75
2021-08-16 14:32,62,67
2021-08-16 14:42,75,62
2021-08-16 14:52,74,75
2021-08-16 15:02,78,75
2021-08-16 15:12,72,77
2021-08-16 15:22,76,75
2021-08-16 15:32,71,76
2021-08-16 15:42,78,73
2021-08-16 15:52,64.5,75
2021-08-16 16:02,72.5,73
2021-08-16 16:12,74,65
2021-08-16 16:22,45.3,66
2021-08-16 16:32,32,55
2021-08-16 16:42,72,42
2021-08-16 16:52,77,67
2021-08-16 17:02,77,75
2021-08-16 17:12,77,76
2021-08-16 17:22,72,72
2021-08-16 17:32,74,68
2021-08-16 17:42,72.3,73
2021-08-16 17:52,77.5,73
2021-08-16 18:02,75.3,69
2021-08-16 18:12,55.5,62
2021-08-16 18:22,58.5,35
2021-08-16 18:32,59,50
2021-08-16 18:42,56,51
2021-08-16 18:52,34,49
2021-08-16 19:02,348,43
2021-08-16 19:12,2,341
2021-08-16 19:22,296,345
2021-08-16 19:32,297,326
2021-08-16 19:42,255.5,282
2021-08-16 19:52,298.3,265
2021-08-16 20:02,285.5,291
2021-08-16 20:12,245.5,280
2021-08-16 20:22,288,255
2021-08-16 20:32,300,294
2021-08-16 20:42,280,302
2021-08-16 20:52,303,288
2021-08-16 21:02,285,304
2021-08-16 21:12,284.3,294
2021-08-16 21:22,246.3,300
2021-08-16 21:32,281.5,263
2021-08-16 21:42,273,280
2021-08-16 21:52,289,270
2021-08-16 22:02,280,288
2021-08-16 22:12,287,293
2021-08-16 22:22,303.9,289
2021-08-16 22:32,271,300
2021-08-16 22:42,277,291
2021-08-16 22:52,266,288
2021-08-16 23:02,250.5,273
2021-08-16 23:12,287,259
2021-08-16 23:22,306,282
2021-08-16 23:32,268.5,292
2021-08-16 23:42,295,264
2021-08-16 23:52,280,275
2021-08-17 0:02,262,280
2021-08-17 0:12,282,270
2021-08-17 0:22,331.5,284
2021-08-17 0:32,309,306
2021-08-17 0:42,299,306
2021-08-17 0:52,300,295
2021-08-17 1:02,282,301
2021-08-17 1:12,306,280
2021-08-17 1:22,269,286
2021-08-17 1:32,254,265
2021-08-17 1:42,302,256
2021-08-17 1:52,268,312
2021-08-17 2:02,262,282
2021-08-17 2:12,245.5,281
2021-08-17 2:22,231,248
2021-08-17 2:32,283,230
2021-08-17 2:42,305,290
2021-08-17 2:52,314,307
2021-08-17 3:02,43,338
2021-08-17 3:12,7,46
2021-08-17 3:22,21,24
2021-08-17 3:32,322.9,12
2021-08-17 3:42,326,334
2021-08-17 3:52,281.5,326
2021-08-17 4:02,275.3,262
2021-08-17 4:12,242.5,259
2021-08-17 4:22,245.5,319
2021-08-17 4:32,301.3,7
2021-08-17 4:42,260,307
2021-08-17 4:52,254.3,251
2021-08-17 5:02,4.9,255
2021-08-17 5:12,275.9,301
2021-08-17 5:22,284.6,296
2021-08-17 5:32,261.3,278
2021-08-17 5:42,74.5,253
2021-08-17 5:52,134,248
2021-08-17 6:02,241.9,245
2021-08-17 6:12,254.1,253
2021-08-17 6:22,262.9,256
2021-08-17 6:32,251.8,265
2021-08-17 6:42,294.7,304
2021-08-17 6:52,299,289
2021-08-17 7:02,307.5,292
2021-08-17 7:12,291.4,292
2021-08-17 7:22,245.9,296
2021-08-17 7:32,247.8,248
2021-08-17 7:42,239.5,251
2021-08-17 7:52,285.8,242
2021-08-17 8:02,278.4,291
2021-08-17 8:12,272.8,299
2021-08-17 8:22,289.9,268
2021-08-17 8:32,307.1,279
2021-08-17 8:42,300.7,297
2021-08-17 8:52,294.8,294
2021-08-17 9:02,299.8,292
2021-08-17 9:12,259.9,291
2021-08-17 9:22,278.7,267
2021-08-17 9:32,266.4,271
2021-08-17 9:42,229.5,250
2021-08-17 9:52,322.7,247
2021-08-17 10:02,68.9,348
2021-08-17 10:12,45,64
2021-08-17 10:22,53.4,52
2021-08-17 10:32,52.4,52
2021-08-17 10:42,116.4,53
2021-08-17 10:52,75.6,94
2021-08-17 11:02,86.1,68
2021-08-17 11:12,118.3,88
2021-08-17 11:22,108,116
2021-08-17 11:32,89.3,104
2021-08-17 11:42,76.5,88
2021-08-17 11:52,74.6,77
2021-08-17 12:02,75,75
2021-08-17 12:12,75,73
2021-08-17 12:22,71.1,73
2021-08-17 12:32,72.1,73
2021-08-17 12:42,74,73
2021-08-17 12:52,68.1,73
2021-08-17 13:02,66.2,72
2021-08-17 13:12,76.9,71
2021-08-17 13:22,69,74
2021-08-17 13:32,68,68
2021-08-17 13:42,66,69
2021-08-17 13:52,68.8,69
2021-08-17 14:02,57.1,62
2021-08-17 14:12,59.5,63
2021-08-17 14:22,71,62
2021-08-17 14:32,76,68
2021-08-17 14:42,74,73
2021-08-17 14:52,70,71
2021-08-17 15:02,53,69
2021-08-17 15:12,35,40
2021-08-17 15:22,53,44
2021-08-17 15:32,53,52
2021-08-17 15:42,35,49
2021-08-17 15:52,50,42
2021-08-17 16:02,59,51
2021-08-17 16:12,50.7,49
2021-08-17 16:22,44,51
2021-08-17 16:32,52,54
2021-08-17 16:42,51,54
2021-08-17 16:52,48,52
2021-08-17 17:02,49,56
2021-08-17 17:12,45,46
2021-08-17 17:22,51.9,48
2021-08-17 17:32,38,45
2021-08-17 17:42,38,47
2021-08-17 17:52,57.8,53
2021-08-17 18:02,37,40
2021-08-17 18:12,27.3,38
2021-08-17 18:22,14,27
2021-08-17 18:32,60,32
2021-08-17 18:42,31.6,54
2021-08-17 18:52,66,43
2021-08-17 19:02,47,63
2021-08-17 19:12,63,49
2021-08-17 19:22,345.9,41
2021-08-17 19:32,14,29
2021-08-17 19:42,65,34
2021-08-17 19:52,336,51
2021-08-17 20:02,13,2
2021-08-17 20:12,37,16
2021-08-17 20:22,63,35
2021-08-17 20:32,81,58
2021-08-17 20:42,62,59
2021-08-17 20:52,25,47
2021-08-17 21:02,40,37
2021-08-17 21:12,76,43
2021-08-17 21:22,14.1,54
2021-08-17 21:32,1.7,39
2021-08-17 21:42,44,8
2021-08-17 21:52,46,51
2021-08-17 22:02,44,54
2021-08-17 22:12,43,40
2021-08-17 22:22,51,36
2021-08-17 22:32,304,30
2021-08-17 22:42,301,332
2021-08-17 22:52,255,293
2021-08-17 23:02,202,274
2021-08-17 23:12,269.8,231
2021-08-17 23:22,241,246
2021-08-17 23:32,265,253
2021-08-17 23:42,298,277
2021-08-17 23:52,271,308
2021-08-18 0:02,290,289
2021-08-18 0:12,232,271
2021-08-18 0:22,248,242
2021-08-18 0:32,248,248
2021-08-18 0:42,253,249
2021-08-18 0:52,266,255
2021-08-18 1:02,278,258
2021-08-18 1:12,258,258
2021-08-18 1:22,278,266
2021-08-18 1:32,289,277
2021-08-18 1:42,295,265
2021-08-18 1:52,253,266
2021-08-18 2:02,253,253
2021-08-18 2:12,260,256
2021-08-18 2:22,257,267
2021-08-18 2:32,265.2,257
2021-08-18 2:42,271.6,257
2021-08-18 2:52,243,262
2021-08-18 3:02,259,248
2021-08-18 3:12,270,258
2021-08-18 3:22,245,254
2021-08-18 3:32,238,252
2021-08-18 3:42,241,249
2021-08-18 3:52,67,247
2021-08-18 4:02,354.9,8
2021-08-18 4:12,301,19
2021-08-18 4:22,276,305
2021-08-18 4:32,315,297
2021-08-18 4:42,258,310
2021-08-18 4:52,266,263
2021-08-18 5:02,303,255
2021-08-18 5:12,286,290
2021-08-18 5:22,265,292
2021-08-18 5:32,314,294
2021-08-18 5:42,311,306
2021-08-18 5:52,265,317
2021-08-18 6:02,12,270
2021-08-18 6:12,346.9,11
2021-08-18 6:22,44,39
2021-08-18 6:32,27,39
2021-08-18 6:42,5,37
2021-08-18 6:52,49,19
2021-08-18 7:02,15,26
2021-08-18 7:12,345,360
2021-08-18 7:22,310,15
2021-08-18 7:32,314,320
2021-08-18 7:42,56,330
2021-08-18 7:52,52,348
2021-08-18 8:02,49,32
2021-08-18 8:12,317,8
2021-08-18 8:22,295,306
2021-08-18 8:32,274,301
2021-08-18 8:42,278,283
2021-08-18 8:52,252,269
2021-08-18 9:02,275,255
2021-08-18 9:12,287,287
2021-08-18 9:22,260,287
2021-08-18 9:32,252,277
2021-08-18 9:42,261,263
2021-08-18 9:52,226,262
2021-08-18 10:02,324,235
2021-08-18 10:12,288,291
2021-08-18 10:22,358,239
2021-08-18 10:32,47,353
2021-08-18 10:42,51,43
2021-08-18 10:52,63,54
2021-08-18 11:02,54,58
2021-08-18 11:12,51,58
2021-08-18 11:22,50,55
2021-08-18 11:32,53,54
2021-08-18 11:42,29,55
2021-08-18 11:52,59,53
2021-08-18 12:02,35,55
2021-08-18 12:12,57,57
2021-08-18 12:22,47,49
2021-08-18 12:32,53,49
2021-08-18 12:42,40,47
2021-08-18 12:52,40,40
2021-08-18 13:02,58,46
2021-08-18 13:12,59,51
2021-08-18 13:22,49,54
2021-08-18 13:32,37,52
2021-08-18 13:42,29,56
2021-08-18 13:52,53,49
2021-08-18 14:02,61,50
2021-08-18 14:12,49,49
2021-08-18 14:22,58,45
2021-08-18 14:32,46,50
2021-08-18 14:42,67,45
2021-08-18 14:52,59,57
2021-08-18 15:02,46,57
2021-08-18 15:12,52,50
2021-08-18 15:22,67,56
2021-08-18 15:32,59,49
2021-08-18 15:42,66,58
2021-08-18 15:52,54,54
2021-08-18 16:02,52,53
2021-08-18 16:12,57,46
2021-08-18 16:22,47,51
2021-08-18 16:32,55,47
2021-08-18 16:42,46,48
2021-08-18 16:52,63,52
2021-08-18 17:02,68,63
2021-08-18 17:12,72,72
2021-08-18 17:22,69,72
2021-08-18 17:32,62,71
2021-08-18 17:42,69,71
2021-08-18 17:52,71,70
2021-08-18 18:02,77,70
2021-08-18 18:12,70,72
2021-08-18 18:22,71,69
2021-08-18 18:32,72,69
2021-08-18 18:42,69,70
2021-08-18 18:52,63,71
2021-08-18 19:02,72,70
2021-08-18 19:12,74,70
2021-08-18 19:22,70,71
2021-08-18 19:32,72,69
2021-08-18 19:42,73,73
2021-08-18 19:52,74,73
2021-08-18 20:02,78,72
2021-08-18 20:12,74,75
2021-08-18 20:22,67,71
2021-08-18 20:32,75,70
2021-08-18 20:42,58,69
2021-08-18 20:52,49,55
2021-08-18 21:02,56,64
2021-08-18 21:12,61,66
2021-08-18 21:22,62,69
2021-08-18 21:32,62,50
2021-08-18 21:42,54,52
2021-08-18 21:52,17,59
2021-08-18 22:02,53,48
2021-08-18 22:12,13,43
2021-08-18 22:22,8,19
2021-08-18 22:32,35,31
2021-08-18 22:42,52,19
2021-08-18 22:52,34,42
2021-08-18 23:02,37,42
2021-08-18 23:12,11,30
2021-08-18 23:22,39,31
2021-08-18 23:32,47,30
2021-08-18 23:42,55,30
2021-08-18 23:52,55,36
2021-08-19 0:02,33,40
2021-08-19 0:12,53,31
2021-08-19 0:22,34,45
2021-08-19 0:32,39,31
2021-08-19 0:42,12,12
2021-08-19 0:52,11,33
2021-08-19 1:02,54,41
2021-08-19 1:12,358,31
2021-08-19 1:22,32,29
2021-08-19 1:32,44,43
2021-08-19 1:42,43,38
2021-08-19 1:52,64,40
2021-08-19 2:02,37,47
2021-08-19 2:12,39,39
2021-08-19 2:22,24,37
2021-08-19 2:32,63,50
2021-08-19 2:42,42,55
2021-08-19 2:52,35,37
2021-08-19 3:02,337,48
2021-08-19 3:12,315,17
2021-08-19 3:22,315,341
2021-08-19 3:32,266,322
2021-08-19 3:42,328,298
2021-08-19 3:52,349,327
2021-08-19 4:02,354,341
2021-08-19 4:12,336,8
2021-08-19 4:22,352,11
2021-08-19 4:32,59,5
2021-08-19 4:42,357,21
2021-08-19 4:52,66,18
2021-08-19 5:02,16,32
2021-08-19 5:12,332,35
2021-08-19 5:22,22,5
2021-08-19 5:32,34,9
2021-08-19 5:42,7,20
2021-08-19 5:52,39,12
2021-08-19 6:02,38,21
2021-08-19 6:12,52,29
2021-08-19 6:22,39,46
2021-08-19 6:32,14,27
2021-08-19 6:42,6,20
2021-08-19 6:52,39,17
2021-08-19 7:02,37,27
2021-08-19 7:12,19,43
2021-08-19 7:22,344,6
2021-08-19 7:32,1,358
2021-08-19 7:42,33,6
2021-08-19 7:52,59,16
2021-08-19 8:02,22,47
2021-08-19 8:12,2,42
2021-08-19 8:22,38,44
2021-08-19 8:32,49,36
2021-08-19 8:42,40,43
2021-08-19 8:52,37,50
2021-08-19 9:02,63,51
2021-08-19 9:12,33,57
2021-08-19 9:22,51,44
2021-08-19 9:32,19,39
2021-08-19 9:42,48,22
2021-08-19 9:52,334,56
2021-08-19 10:02,45,14
2021-08-19 10:12,78,23
2021-08-19 10:22,91,67
2021-08-19 10:32,79,82
2021-08-19 10:42,73,80
2021-08-19 10:52,77,77
2021-08-19 11:02,64,71
2021-08-19 11:12,70,63
2021-08-19 11:22,46,62
2021-08-19 11:32,6,32
2021-08-19 11:42,3,17
2021-08-19 11:52,42,5
2021-08-19 12:02,44,6
2021-08-19 12:12,66,33
2021-08-19 12:22,30,45
2021-08-19 12:32,50,31
2021-08-19 12:42,52,52
2021-08-19 12:52,45,48
2021-08-19 13:02,34,57
2021-08-19 13:12,32,42
2021-08-19 13:22,39,51
2021-08-19 13:32,54,53
2021-08-19 13:42,70,65
2021-08-19 13:52,45,66
2021-08-19 14:02,36,57
2021-08-19 14:12,71,53
2021-08-19 14:22,63,64
2021-08-19 14:32,45,54
2021-08-19 14:42,20,52
2021-08-19 14:52,34,47
2021-08-19 15:02,34,42
2021-08-19 15:12,2,44
2021-08-19 15:22,32,34
2021-08-19 15:32,59,20
2021-08-19 15:42,49,54
2021-08-19 15:52,15,51
2021-08-19 16:02,48,38
2021-08-19 16:12,53,36
2021-08-19 16:22,42,48
2021-08-19 16:32,24,45
2021-08-19 16:42,53,41
2021-08-19 16:52,332,43
2021-08-19 17:02,39,8
2021-08-19 17:12,357,12
2021-08-19 17:22,351,8
2021-08-19 17:32,52,15
2021-08-19 17:42,66,20
2021-08-19 17:52,333,24
2021-08-19 18:02,350,339
2021-08-19 18:12,348,2
2021-08-19 18:22,46,9
2021-08-19 18:32,33,34
2021-08-19 18:42,24,23
2021-08-19 18:52,343,12
2021-08-19 19:02,324,349
2021-08-19 19:12,322,347
2021-08-19 19:22,222,349
2021-08-19 19:32,251,354
2021-08-19 19:42,327,350
2021-08-19 19:52,4,316
2021-08-19 20:02,49,9
2021-08-19 20:12,7,32
2021-08-19 20:22,337,4
2021-08-19 20:32,340,356
2021-08-19 20:42,327,342
2021-08-19 20:52,19,347
2021-08-19 21:02,354,12
2021-08-19 21:12,352,359
2021-08-19 21:22,37,358
2021-08-19 21:32,312,343
2021-08-19 21:42,310,325
2021-08-19 21:52,312,302
2021-08-19 22:02,316,308
2021-08-19 22:12,315,314
2021-08-19 22:22,317,329
2021-08-19 22:32,259,324
2021-08-19 22:42,262,287
2021-08-19 22:52,241,255
2021-08-19 23:02,290,278
2021-08-19 23:12,285,286
2021-08-19 23:22,300,296
2021-08-19 23:32,308,301
2021-08-19 23:42,320,318
2021-08-19 23:52,304,299
2021-08-20 0:02,291,302
2021-08-20 0:12,308,303
2021-08-20 0:22,288,303
2021-08-20 0:32,279,320
2021-08-20 0:42,268,285
2021-08-20 0:52,284,277
2021-08-20 1:02,298,281
2021-08-20 1:12,316,302
2021-08-20 1:22,300,303
2021-08-20 1:32,286,278
2021-08-20 1:42,285,285
2021-08-20 1:52,292,289
2021-08-20 2:02,263,299
2021-08-20 2:12,264,266
2021-08-20 2:22,293,269
2021-08-20 2:32,264,288
2021-08-20 2:42,267,268
2021-08-20 2:52,290,287
2021-08-20 3:02,280,287
2021-08-20 3:12,289,277
2021-08-20 3:22,258,288
2021-08-20 3:32,283,274
2021-08-20 3:42,281,263
2021-08-20 3:52,272,273
2021-08-20 4:02,266,272
2021-08-20 4:12,286,267
2021-08-20 4:22,278,284
2021-08-20 4:32,251,282
2021-08-20 4:42,240,259
2021-08-20 4:52,276,257
2021-08-20 5:02,259,281
2021-08-20 5:12,251,266
2021-08-20 5:22,253,271
2021-08-20 5:32,295,276
2021-08-20 5:42,299,283
2021-08-20 5:52,296,299
2021-08-20 6:02,255,299
2021-08-20 6:12,301,272
2021-08-20 6:22,304,300
2021-08-20 6:32,282,298
2021-08-20 6:42,254,277
2021-08-20 6:52,256,260
2021-08-20 7:02,258,245
2021-08-20 7:12,251,248
2021-08-20 7:22,278,255
2021-08-20 7:32,241,271
2021-08-20 7:42,252,259
2021-08-20 7:52,229,247
2021-08-20 8:02,291,244
2021-08-20 8:12,261,258
2021-08-20 8:22,93,228
2021-08-20 8:32,143,109
2021-08-20 8:42,133,177
2021-08-20 8:52,232,183
2021-08-20 9:02,240,202
2021-08-20 9:12,205,225
2021-08-20 9:22,172,227
2021-08-20 9:32,248,166
2021-08-20 9:42,157,237
2021-08-20 9:52,211,187
2021-08-20 10:02,204,205
2021-08-20 10:12,273,264
2021-08-20 10:22,103,275
2021-08-20 10:32,208,139
2021-08-20 10:42,310,225
2021-08-20 10:52,344,242
2021-08-20 11:02,306,325
2021-08-20 11:12,134,274
2021-08-20 11:22,127,130
2021-08-20 11:32,136,126
2021-08-20 11:42,117,129
2021-08-20 11:52,128,124
2021-08-20 12:02,122,126
2021-08-20 12:12,125,127
2021-08-20 12:22,131,126
2021-08-20 12:32,134,134
2021-08-20 12:42,136,124
2021-08-20 12:52,125,124
2021-08-20 13:02,111,124
2021-08-20 13:12,99,119
2021-08-20 13:22,91,118
2021-08-20 13:32,138,117
2021-08-20 13:42,102,120
2021-08-20 13:52,118,112
2021-08-20 14:02,129,126
2021-08-20 14:12,127,139
2021-08-20 14:22,130,120
2021-08-20 14:32,137,136
2021-08-20 14:42,123,123
2021-08-20 14:52,219,115
2021-08-20 15:02,176,194
2021-08-20 15:12,134,209
2021-08-20 15:22,178,214
2021-08-20 15:32,210,200
2021-08-20 15:42,228,199
2021-08-20 15:52,175,211
2021-08-20 16:02,174,196
2021-08-20 16:12,206,175
2021-08-20 16:22,203,196
2021-08-20 16:32,167,190
2021-08-20 16:42,241,165
2021-08-20 16:52,223,243
2021-08-20 17:02,146,236
2021-08-20 17:12,151,157
2021-08-20 17:22,56,105
2021-08-20 17:32,238,14
2021-08-20 17:42,242,236
2021-08-20 17:52,275,247
2021-08-20 18:02,236,250
2021-08-20 18:12,339,242
2021-08-20 18:22,274,261
2021-08-20 18:32,238,241
2021-08-20 18:42,279,257
2021-08-20 18:52,276,270
2021-08-20 19:02,281,264
2021-08-20 19:12,356,224
2021-08-20 19:22,274,266
2021-08-20 19:32,256,308
2021-08-20 19:42,254,245
2021-08-20 19:52,313,236
2021-08-20 20:02,314,267
2021-08-20 20:12,256,292
2021-08-20 20:22,313,302
2021-08-20 20:32,302,295
2021-08-20 20:42,313,295
2021-08-20 20:52,315,304
2021-08-20 21:02,305,317
2021-08-20 21:12,311,300
2021-08-20 21:22,291,299
2021-08-20 21:32,250,293
2021-08-20 21:42,169,264
2021-08-20 21:52,313,259
2021-08-20 22:02,299,302
2021-08-20 22:12,247,296
2021-08-20 22:22,304,267
2021-08-20 22:32,301,306
2021-08-20 22:42,298,299
2021-08-20 22:52,269,294
2021-08-20 23:02,282,292
2021-08-20 23:12,277,281
2021-08-20 23:22,260,289
2021-08-20 23:32,285,252
2021-08-20 23:42,297,286
2021-08-20 23:52,349,298
2021-08-21 0:02,290,309
2021-08-21 0:12,329,296
2021-08-21 0:22,314,317
2021-08-21 0:32,9,309
2021-08-21 0:42,324,334
2021-08-21 0:52,301,336
2021-08-21 1:02,310,305
2021-08-21 1:12,300,307
2021-08-21 1:22,279,304
2021-08-21 1:32,285,293
2021-08-21 1:42,263,282
2021-08-21 1:52,267,275
2021-08-21 2:02,278,287
2021-08-21 2:12,295,285
2021-08-21 2:22,304,291
2021-08-21 2:32,272,290
2021-08-21 2:42,244,277
2021-08-21 2:52,252,242
2021-08-21 3:02,245,239
2021-08-21 3:12,262,260
2021-08-21 3:22,310,254
2021-08-21 3:32,331,304
2021-08-21 3:42,328,323
2021-08-21 3:52,250,330
2021-08-21 4:02,328,331
2021-08-21 4:12,4,355
2021-08-21 4:22,81,356
2021-08-21 4:32,61,55
2021-08-21 4:42,34,34
2021-08-21 4:52,300,21
2021-08-21 5:02,307,303
2021-08-21 5:12,294,307
2021-08-21 5:22,236,285
2021-08-21 5:32,290,258
2021-08-21 5:42,283,290
2021-08-21 5:52,334,285
2021-08-21 6:02,245,303
2021-08-21 6:12,299,305
2021-08-21 6:22,347,312
2021-08-21 6:32,317,4
2021-08-21 6:42,307,320
2021-08-21 6:52,311,307
2021-08-21 7:02,310,310
2021-08-21 7:12,285,317
2021-08-21 7:22,355,304
2021-08-21 7:32,295,275
2021-08-21 7:42,287,283
2021-08-21 7:52,260,279
2021-08-21 8:02,286,258
2021-08-21 8:12,61,274
2021-08-21 8:22,73,275
2021-08-21 8:32,95,328
2021-08-21 8:42,43,126
2021-08-21 8:52,354,132
2021-08-21 9:02,269,3
2021-08-21 9:12,264,245
2021-08-21 9:22,245,253
2021-08-21 9:32,234,249
2021-08-21 9:42,251,242
2021-08-21 9:52,238,258
2021-08-21 10:02,248,248
2021-08-21 10:12,252,240
2021-08-21 10:22,251,249
2021-08-21 10:32,261,244
2021-08-21 10:42,248,241
2021-08-21 10:52,250,253
2021-08-21 11:02,239,243
2021-08-21 11:12,227,238
2021-08-21 11:22,244,235
2021-08-21 11:32,272,242
2021-08-21 11:42,242,249
2021-08-21 11:52,234,242
2021-08-21 12:02,249,243
2021-08-21 12:12,247,249
2021-08-21 12:22,219,248
2021-08-21 12:32,239,249
2021-08-21 12:42,265,240
2021-08-21 12:52,220,247
2021-08-21 13:02,284,240
2021-08-21 13:12,130,241
2021-08-21 13:22,257,248
2021-08-21 13:32,247,244
2021-08-21 13:42,264,253
2021-08-21 13:52,278,244
2021-08-21 14:02,246,243
2021-08-21 14:12,245,244
2021-08-21 14:22,244,243
2021-08-21 14:32,249,241
2021-08-21 14:42,238,248
2021-08-21 14:52,236,243
2021-08-21 15:02,237,241
2021-08-21 15:12,252,243
2021-08-21 15:22,256,247
2021-08-21 15:32,259,243
2021-08-21 15:42,258,247
2021-08-21 15:52,270,248
2021-08-21 16:02,244,245
2021-08-21 16:12,251,249
2021-08-21 16:22,257,246
2021-08-21 16:32,236,252
2021-08-21 16:42,211,247
2021-08-21 16:52,260,240
2021-08-21 17:02,241,249
2021-08-21 17:12,251,251
2021-08-21 17:22,250,251
2021-08-21 17:32,227,235
2021-08-21 17:42,234,242
2021-08-21 17:52,240,246
2021-08-21 18:02,237,245
2021-08-21 18:12,246,242
2021-08-21 18:22,253,239
2021-08-21 18:32,263,248
2021-08-21 18:42,238,251
2021-08-21 18:52,251,237
2021-08-21 19:02,244,251
2021-08-21 19:12,219,242
2021-08-21 19:22,89,223
2021-08-21 19:32,222,175
2021-08-21 19:42,230,249
2021-08-21 19:52,89,235
2021-08-21 20:02,145,124
2021-08-21 20:12,138,143
2021-08-21 20:22,61,165
2021-08-21 20:32,263,228
2021-08-21 20:42,170,288
2021-08-21 20:52,233,252
2021-08-21 21:02,139,308
2021-08-21 21:12,233,71
2021-08-21 21:22,234,238
2021-08-21 21:32,254,239
2021-08-21 21:42,174,257
2021-08-21 21:52,316,248
2021-08-21 22:02,265,353
2021-08-21 22:12,250,259
2021-08-21 22:22,249,264
2021-08-21 22:32,283,250
2021-08-21 22:42,224,233
2021-08-21 22:52,280,237
2021-08-21 23:02,282,274
2021-08-21 23:12,262,264
2021-08-21 23:22,265,260
2021-08-21 23:32,254,264
2021-08-21 23:42,280,260
2021-08-21 23:52,250,271
2021-08-22 0:02,257,258
2021-08-22 0:12,251,267
2021-08-22 0:22,195,255
2021-08-22 0:32,262,249
2021-08-22 0:42,232,265
2021-08-22 0:52,239,249
2021-08-22 1:02,208,244
2021-08-22 1:12,245,232
2021-08-22 1:22,283,268
2021-08-22 1:32,269,257
2021-08-22 1:42,270,244
2021-08-22 1:52,272,241
2021-08-22 2:02,281,251
2021-08-22 2:12,326,243
2021-08-22 2:22,315,301
2021-08-22 2:32,331,329
2021-08-22 2:42,305,312
2021-08-22 2:52,303,306
2021-08-22 3:02,231,305
2021-08-22 3:12,235,274
2021-08-22 3:22,321,268
2021-08-22 3:32,259,313
2021-08-22 3:42,294,276
2021-08-22 3:52,259,246
2021-08-22 4:02,285,284
2021-08-22 4:12,309,304
2021-08-22 4:22,281,301
2021-08-22 4:32,305,272
2021-08-22 4:42,292,310
2021-08-22 4:52,313,274
2021-08-22 5:02,277,286
2021-08-22 5:12,305,285
2021-08-22 5:22,290,295
2021-08-22 5:32,270,284
2021-08-22 5:42,247,278
2021-08-22 5:52,284,290
2021-08-22 6:02,292,262
2021-08-22 6:12,237,293
2021-08-22 6:22,235,265
2021-08-22 6:32,243,262
2021-08-22 6:42,277,278
2021-08-22 6:52,280,279
2021-08-22 7:02,259,276
2021-08-22 7:12,289,265
2021-08-22 7:22,264,283
2021-08-22 7:32,297,275
2021-08-22 7:42,292,288
2021-08-22 7:52,284,287
2021-08-22 8:02,276,288
2021-08-22 8:12,254,269
2021-08-22 8:22,324,262
2021-08-22 8:32,258,295
2021-08-22 8:42,253,272
2021-08-22 8:52,285,282
2021-08-22 9:02,247,259
2021-08-22 9:12,289,265
2021-08-22 9:22,277,266
2021-08-22 9:32,259,272
2021-08-22 9:42,281,276
2021-08-22 9:52,267,272
2021-08-22 10:02,280,293
2021-08-22 10:12,240,286
2021-08-22 10:22,85,257
2021-08-22 10:32,121,118
2021-08-22 10:42,124,112
2021-08-22 10:52,81,113
2021-08-22 11:02,129,103
2021-08-22 11:12,106,122
2021-08-22 11:22,182,124
2021-08-22 11:32,121,167
2021-08-22 11:42,266,187
2021-08-22 11:52,186,241
2021-08-22 12:02,143,172
2021-08-22 12:12,189,170
2021-08-22 12:22,198,180
2021-08-22 12:32,198,190
2021-08-22 12:42,167,189
2021-08-22 12:52,178,186
2021-08-22 13:02,191,187
2021-08-22 13:12,160,198
2021-08-22 13:22,200,184
2021-08-22 13:32,243,180
2021-08-22 13:42,225,178
2021-08-22 13:52,239,270
2021-08-22 14:02,271,233
2021-08-22 14:12,242,256
2021-08-22 14:22,257,246
2021-08-22 14:32,212,267
2021-08-22 14:42,264,260
2021-08-22 14:52,268,275
2021-08-22 15:02,233,268
2021-08-22 15:12,292,266
2021-08-22 15:22,252,271
2021-08-22 15:32,272,257
2021-08-22 15:42,38,244
2021-08-22 15:52,285,253
2021-08-22 16:02,286,259
2021-08-22 16:12,230,244
2021-08-22 16:22,230,230
2021-08-22 16:32,243,242
2021-08-22 16:42,288,237
2021-08-22 16:52,301,279
2021-08-22 17:02,252,297
2021-08-22 17:12,252,286
2021-08-22 17:22,315,256
2021-08-22 17:32,252,269
2021-08-22 17:42,244,248
2021-08-22 17:52,262,252
2021-08-22 18:02,304,256
2021-08-22 18:12,305,281
2021-08-22 18:22,270,279
2021-08-22 18:32,70,285
2021-08-22 18:42,251,39
2021-08-22 18:52,245,209
2021-08-22 19:02,0,251
2021-08-22 19:12,43,291
2021-08-22 19:22,328,29
2021-08-22 19:32,242,323
2021-08-22 19:42,236,247
2021-08-22 19:52,248,243
2021-08-22 20:02,254,252
2021-08-22 20:12,258,249
2021-08-22 20:22,243,250
2021-08-22 20:32,215,237
2021-08-22 20:42,200,248
2021-08-22 20:52,226,226
2021-08-22 21:02,257,239
2021-08-22 21:12,207,241
2021-08-22 21:22,154,219
2021-08-22 21:32,238,231
2021-08-22 21:42,213,231
2021-08-22 21:52,235,226
2021-08-22 22:02,273,244
2021-08-22 22:12,255,251
2021-08-22 22:22,272,260
2021-08-22 22:32,254,264
2021-08-22 22:42,293,271
2021-08-22 22:52,291,286
2021-08-22 23:02,294,289
2021-08-22 23:12,305,293
2021-08-22 23:22,284,300
2021-08-22 23:32,326.3,296
2021-08-22 23:42,299,315
2021-08-22 23:52,266,300
2021-08-23 0:02,284,287
2021-08-23 0:12,288,284
2021-08-23 0:22,285,287
2021-08-23 0:32,286,277
2021-08-23 0:42,265.3,288
2021-08-23 0:52,289.5,280
2021-08-23 1:02,263,293
2021-08-23 1:12,266.4,278
2021-08-23 1:22,293,267
2021-08-23 1:32,264,277
2021-08-23 1:42,270.3,269
2021-08-23 1:52,264.9,267
2021-08-23 2:02,286,283
2021-08-23 2:12,268,318
2021-08-23 2:22,256.3,263
2021-08-23 2:32,297,260
2021-08-23 2:42,265,285
2021-08-23 2:52,278.9,264
2021-08-23 3:02,261,266
2021-08-23 3:12,288,264
2021-08-23 3:22,271.1,272
2021-08-23 3:32,259.5,269
2021-08-23 3:42,250,260
2021-08-23 3:52,263.5,267
2021-08-23 4:02,259.8,261
2021-08-23 4:12,260.5,258
2021-08-23 4:22,253,255
2021-08-23 4:32,257,253
2021-08-23 4:42,263.9,255
2021-08-23 4:52,254,257
2021-08-23 5:02,258,251
2021-08-23 5:12,258,259
2021-08-23 5:22,244.9,257
2021-08-23 5:32,244.3,250
2021-08-23 5:42,261,249
2021-08-23 5:52,268,256
2021-08-23 6:02,262,262
2021-08-23 6:12,276.3,272
2021-08-23 6:22,261,274
2021-08-23 6:32,249.3,264
2021-08-23 6:42,251,256
2021-08-23 6:52,250,254
2021-08-23 7:02,267,258
2021-08-23 7:12,270,266
2021-08-23 7:22,282.2,269
2021-08-23 7:32,273,280
2021-08-23 7:42,252.6,277
2021-08-23 7:52,245.9,252
2021-08-23 8:02,272.8,250
2021-08-23 8:12,249,269
2021-08-23 8:22,268.3,257
2021-08-23 8:32,247.1,262
2021-08-23 8:42,256.1,252
2021-08-23 8:52,242.6,262
2021-08-23 9:02,242.5,250
2021-08-23 9:12,249.9,244
2021-08-23 9:22,245,243
2021-08-23 9:32,247.7,250
2021-08-23 9:42,251.9,249
2021-08-23 9:52,247.9,251
2021-08-23 10:02,292.8,247
2021-08-23 10:12,243,273
2021-08-23 10:22,248,248
2021-08-23 10:32,275,250
2021-08-23 10:42,259.9,270
2021-08-23 10:52,259,256
2021-08-23 11:02,295.6,268
2021-08-23 11:12,257.9,281
2021-08-23 11:22,264.5,264
2021-08-23 11:32,256.7,253
2021-08-23 11:42,291.3,246
2021-08-23 11:52,244.8,268
2021-08-23 12:02,253.3,261
2021-08-23 12:12,285.9,263
2021-08-23 12:22,267.8,275
2021-08-23 12:32,239.4,259
2021-08-23 12:42,246,252
2021-08-23 12:52,276.1,260
2021-08-23 13:02,254.1,269
2021-08-23 13:12,260.1,263
2021-08-23 13:22,251.7,254
2021-08-23 13:32,258.9,251
2021-08-23 13:42,292,253
2021-08-23 13:52,242,285
2021-08-23 14:02,246,255
2021-08-23 14:12,267.1,258
2021-08-23 14:22,272.3,276
2021-08-23 14:32,299.8,279
2021-08-23 14:42,243.9,272
2021-08-23 14:52,246,255
2021-08-23 15:02,243.8,252
2021-08-23 15:12,227.2,258
2021-08-23 15:22,295.9,266
2021-08-23 15:32,297,268
2021-08-23 15:42,254,280
2021-08-23 15:52,257.9,252
2021-08-23 16:02,270.5,257
2021-08-23 16:12,259,279
2021-08-23 16:22,243.9,265
2021-08-23 16:32,261.8,243
2021-08-23 16:42,259.3,253
2021-08-23 16:52,247,263
2021-08-23 17:02,257.5,243
2021-08-23 17:12,270.8,250
2021-08-23 17:22,241.1,266
2021-08-23 17:32,244,246
2021-08-23 17:42,252.8,246
2021-08-23 17:52,260,246
2021-08-23 18:02,277.8,253
2021-08-23 18:12,242,265
2021-08-23 18:22,275.9,246
2021-08-23 18:32,250.9,253
2021-08-23 18:42,239,248
2021-08-23 18:52,242,263
2021-08-23 19:02,253.9,263
2021-08-23 19:12,59.8,249
2021-08-23 19:22,118.2,211
2021-08-23 19:32,140.9,92
2021-08-23 19:42,145.2,177
2021-08-23 19:52,98.3,153
2021-08-23 20:02,272,228
2021-08-23 20:12,270.8,241
2021-08-23 20:22,236.1,236
2021-08-23 20:32,225.7,227
2021-08-23 20:42,228,221
2021-08-23 20:52,317.6,263
2021-08-23 21:02,217.2,302
2021-08-23 21:12,111.1,277
2021-08-23 21:22,248.8,191
2021-08-23 21:32,315,254
2021-08-23 21:42,295,334
2021-08-23 21:52,292,301
2021-08-23 22:02,288.4,293
2021-08-23 22:12,273.1,291
2021-08-23 22:22,289,278
2021-08-23 22:32,282,298
2021-08-23 22:42,267,286
2021-08-23 22:52,293,268
2021-08-23 23:02,317.1,282
2021-08-23 23:12,294.9,314
2021-08-23 23:22,270.1,295
2021-08-23 23:32,279.1,286
2021-08-23 23:42,253.1,274
2021-08-23 23:52,279,260
2021-08-24 0:02,41.1,284
2021-08-24 0:12,124.4,93
2021-08-24 0:22,200.9,127
2021-08-24 0:32,212,184
2021-08-24 0:42,221.2,186
2021-08-24 0:52,216.7,231
2021-08-24 1:02,346.6,200
2021-08-24 1:12,316.5,303
2021-08-24 1:22,305.3,334
2021-08-24 1:32,302.1,318
2021-08-24 1:42,310,302
2021-08-24 1:52,321,300
2021-08-24 2:02,309,314
2021-08-24 2:12,297,284
2021-08-24 2:22,326.9,300
2021-08-24 2:32,327.1,296
2021-08-24 2:42,324.8,326
2021-08-24 2:52,26.9,294
2021-08-24 3:02,101.9,348
2021-08-24 3:12,41,79
2021-08-24 3:22,194.8,42
2021-08-24 3:32,306.3,335
2021-08-24 3:42,132,292
2021-08-24 3:52,134,151
2021-08-24 4:02,132,135
2021-08-24 4:12,131,132
2021-08-24 4:22,134,131
2021-08-24 4:32,62.1,132
2021-08-24 4:42,74,97
2021-08-24 4:52,66,73
2021-08-24 5:02,55,71
2021-08-24 5:12,39,61
2021-08-24 5:22,325.1,45
2021-08-24 5:32,314,350
2021-08-24 5:42,291.1,318
2021-08-24 5:52,261,327
2021-08-24 6:02,325,295
2021-08-24 6:12,298,317
2021-08-24 6:22,287,353
2021-08-24 6:32,63,296
2021-08-24 6:42,32,326
2021-08-24 6:52,329.9,358
2021-08-24 7:02,114,329
2021-08-24 7:12,293,135
2021-08-24 7:22,299,80
2021-08-24 7:32,273,323
2021-08-24 7:42,245,280
2021-08-24 7:52,70,259
2021-08-24 8:02,69,245
2021-08-24 8:12,65,62
2021-08-24 8:22,77,89
2021-08-24 8:32,63,51
2021-08-24 8:42,72,64
2021-08-24 8:52,53,68
2021-08-24 9:02,52,53
2021-08-24 9:12,74,54
2021-08-24 9:22,67,70
2021-08-24 9:32,60,73
2021-08-24 9:42,61,61
2021-08-24 9:52,80,73
2021-08-24 10:02,86,73
2021-08-24 10:12,74,77
2021-08-24 10:22,77,71
2021-08-24 10:32,74,71
2021-08-24 10:42,76,74
2021-08-24 10:52,70,72
2021-08-24 11:02,68,63
2021-08-24 11:12,42,76
2021-08-24 11:22,66,71
2021-08-24 11:32,142,68
2021-08-24 11:42,204,130
2021-08-24 11:52,275,218
2021-08-24 12:02,162.1,254
2021-08-24 12:12,324,239
2021-08-24 12:22,350.7,24
2021-08-24 12:32,275,343
2021-08-24 12:42,342,325
2021-08-24 12:52,327,8
2021-08-24 13:02,257,325
2021-08-24 13:12,3,317
2021-08-24 13:22,18,357
2021-08-24 13:32,311,353
2021-08-24 13:42,288,346
2021-08-24 13:52,303,317
2021-08-24 14:02,157,309
2021-08-24 14:12,264,195
2021-08-24 14:22,15,228
2021-08-24 14:32,119,12
2021-08-24 14:42,125,106
2021-08-24 14:52,204,123
2021-08-24 15:02,169,192
2021-08-24 15:12,177,166
2021-08-24 15:22,215,189
2021-08-24 15:32,175,209
2021-08-24 15:42,352,209
2021-08-24 15:52,223,133
2021-08-24 16:02,199,214
2021-08-24 16:12,239,231
2021-08-24 16:22,145,221
2021-08-24 16:32,84,178
2021-08-24 16:42,290,163
2021-08-24 16:52,77,171
2021-08-24 17:02,241,142
2021-08-24 17:12,219,174
2021-08-24 17:22,268,206
2021-08-24 17:32,281,213
2021-08-24 17:42,190,261
2021-08-24 17:52,239,147
2021-08-24 18:02,241,243
2021-08-24 18:12,201,232
2021-08-24 18:22,186,192
2021-08-24 18:32,343,243
2021-08-24 18:42,92,330
2021-08-24 18:52,52,224
2021-08-24 19:02,339,123
2021-08-24 19:12,333,327
2021-08-24 19:22,187,298
2021-08-24 19:32,335,32
2021-08-24 19:42,327,350
2021-08-24 19:52,3,312
2021-08-24 20:02,304,342
2021-08-24 20:12,332,298
2021-08-24 20:22,61,348
2021-08-24 20:32,8,25
2021-08-24 20:42,296,20
2021-08-24 20:52,301,308
2021-08-24 21:02,287,312
2021-08-24 21:12,315,287
2021-08-24 21:22,301,294
2021-08-24 21:32,311,310
2021-08-24 21:42,248,296
2021-08-24 21:52,297,264
2021-08-24 22:02,299,295
2021-08-24 22:12,270,317
2021-08-24 22:22,285,286
2021-08-24 22:32,245,351
2021-08-24 22:42,333,249
2021-08-24 22:52,3.1,280
2021-08-24 23:02,259,329
2021-08-24 23:12,238,276
2021-08-24 23:22,279,279
2021-08-24 23:32,250,273
2021-08-24 23:42,250,273
2021-08-24 23:52,279,245
2021-08-25 0:02,292,301
2021-08-25 0:12,297,299
2021-08-25 0:22,334,309
2021-08-25 0:32,81,326
2021-08-25 0:42,299,204
2021-08-25 0:52,251,276
2021-08-25 1:02,4,278
2021-08-25 1:12,292,350
2021-08-25 1:22,249,322
2021-08-25 1:32,7,266
2021-08-25 1:42,327,300
2021-08-25 1:52,311,333
2021-08-25 2:02,335,300
2021-08-25 2:12,243,265
2021-08-25 2:22,250,244
2021-08-25 2:32,351,245
2021-08-25 2:42,235,271
2021-08-25 2:52,236,234
2021-08-25 3:02,229,253
2021-08-25 3:12,309,266
2021-08-25 3:22,303,297
2021-08-25 3:32,1,318
2021-08-25 3:42,242,321
2021-08-25 3:52,288,297
2021-08-25 4:02,283,301
2021-08-25 4:12,312,306
2021-08-25 4:22,292,303
2021-08-25 4:32,304,305
2021-08-25 4:42,346,307
2021-08-25 4:52,299,332
2021-08-25 5:02,352,318
2021-08-25 5:12,297,319
2021-08-25 5:22,289,293
2021-08-25 5:32,241,285
2021-08-25 5:42,291,270
2021-08-25 5:52,345,272
2021-08-25 6:02,290,347
2021-08-25 6:12,263,300
2021-08-25 6:22,306,278
2021-08-25 6:32,245,284
2021-08-25 6:42,299,270
2021-08-25 6:52,309,305
2021-08-25 7:02,7,297
2021-08-25 7:12,331,330
2021-08-25 7:22,277,349
2021-08-25 7:32,295,278
2021-08-25 7:42,17,289
2021-08-25 7:52,338,2
2021-08-25 8:02,260,313
2021-08-25 8:12,287,310
2021-08-25 8:22,271,277
2021-08-25 8:32,292,286
2021-08-25 8:42,356,260
2021-08-25 8:52,335,344
2021-08-25 9:02,75,24
2021-08-25 9:12,70,54
2021-08-25 9:22,41,64
2021-08-25 9:32,68,64
2021-08-25 9:42,76,60
2021-08-25 9:52,67,64
2021-08-25 10:02,38,67
2021-08-25 10:12,38,61
2021-08-25 10:22,50,60
2021-08-25 10:32,34,40
2021-08-25 10:42,69,53
2021-08-25 10:52,43,55
2021-08-25 11:02,65,59
2021-08-25 11:12,69,67
2021-08-25 11:22,72,68
2021-08-25 11:32,70,66
2021-08-25 11:42,56,69
2021-08-25 11:52,72,69
2021-08-25 12:02,73,66
2021-08-25 12:12,61,71
2021-08-25 12:22,68,69
2021-08-25 12:32,75,75
2021-08-25 12:42,138,63
2021-08-25 12:52,126,109
2021-08-25 13:02,145,126
2021-08-25 13:12,93,115
2021-08-25 13:22,108,93
2021-08-25 13:32,87,108
2021-08-25 13:42,85,87
2021-08-25 13:52,86,74
2021-08-25 14:02,60,81
2021-08-25 14:12,74,76
2021-08-25 14:22,15,79
2021-08-25 14:32,15,62
2021-08-25 14:42,162,43
2021-08-25 14:52,187,37
2021-08-25 15:02,22,172
2021-08-25 15:12,92,53
2021-08-25 15:22,59,84
2021-08-25 15:32,111,79
2021-08-25 15:42,131,128
2021-08-25 15:52,196,113
2021-08-25 16:02,301,179
2021-08-25 16:12,228,250
2021-08-25 16:22,192,194
2021-08-25 16:32,115,219
2021-08-25 16:42,200,102
2021-08-25 16:52,184,159
2021-08-25 17:02,11,228
2021-08-25 17:12,317,357
2021-08-25 17:22,256,326
2021-08-25 17:32,266,270
2021-08-25 17:42,251,268
2021-08-25 17:52,275,280
2021-08-25 18:02,288,261
2021-08-25 18:12,290,290
2021-08-25 18:22,279,289
2021-08-25 18:32,287,274
2021-08-25 18:42,276,289
2021-08-25 18:52,285,280
2021-08-25 19:02,263,282
2021-08-25 19:12,278,274
2021-08-25 19:22,296,275
2021-08-25 19:32,307,286
2021-08-25 19:42,291,302
2021-08-25 19:52,297,296
2021-08-25 20:02,292,300
2021-08-25 20:12,298,291
2021-08-25 20:22,304,295
2021-08-25 20:32,285,297
2021-08-25 20:42,274,284
2021-08-25 20:52,267,268
2021-08-25 21:02,285,263
2021-08-25 21:12,266,286
2021-08-25 21:22,266,272
2021-08-25 21:32,288,264
2021-08-25 21:42,278,279
2021-08-25 21:52,273,289
2021-08-25 22:02,279,261
2021-08-25 22:12,287,273
2021-08-25 22:22,263,264
2021-08-25 22:32,273,264
2021-08-25 22:42,245,268
2021-08-25 22:52,258,244
2021-08-25 23:02,247,256
2021-08-25 23:12,245,250
2021-08-25 23:22,232,246
2021-08-25 23:32,242,247
2021-08-25 23:42,242,249
2021-08-25 23:52,295,248
2021-08-26 0:02,257,276
2021-08-26 0:12,279,258
2021-08-26 0:22,282,269
2021-08-26 0:32,13,293
2021-08-26 0:42,268,306
2021-08-26 0:52,179,289
2021-08-26 1:02,284,193
2021-08-26 1:12,90,329
2021-08-26 1:22,289,24
2021-08-26 1:32,304,290
2021-08-26 1:42,219,292
2021-08-26 1:52,294,273
2021-08-26 2:02,229,253
2021-08-26 2:12,336,257
2021-08-26 2:22,290,297
2021-08-26 2:32,303,279
2021-08-26 2:42,297,296
2021-08-26 2:52,292,283
2021-08-26 3:02,310,288
2021-08-26 3:12,274,286
2021-08-26 3:22,299,277
2021-08-26 3:32,299,301
2021-08-26 3:42,296,293
2021-08-26 3:52,284,295
2021-08-26 4:02,319,292
2021-08-26 4:12,263,304
2021-08-26 4:22,292,293
2021-08-26 4:32,253,301
2021-08-26 4:42,266,269
2021-08-26 4:52,280,259
2021-08-26 5:02,290,285
2021-08-26 5:12,291,290
2021-08-26 5:22,290,293
2021-08-26 5:32,313,293
2021-08-26 5:42,301,290
2021-08-26 5:52,264,309
2021-08-26 6:02,356,271
2021-08-26 6:12,277,304
2021-08-26 6:22,317,318
2021-08-26 6:32,266,320
2021-08-26 6:42,321,274
2021-08-26 6:52,9,280
2021-08-26 7:02,273,339
2021-08-26 7:12,273,301
2021-08-26 7:22,310,259
2021-08-26 7:32,259,291
2021-08-26 7:42,274,284
2021-08-26 7:52,324,267
2021-08-26 8:02,308,288
2021-08-26 8:12,300,293
2021-08-26 8:22,138,302
2021-08-26 8:32,115,245
2021-08-26 8:42,118,132
2021-08-26 8:52,134,128
2021-08-26 9:02,117,122
2021-08-26 9:12,86,126
2021-08-26 9:22,108,99
2021-08-26 9:32,138,97
2021-08-26 9:42,119,131
2021-08-26 9:52,234,108
2021-08-26 10:02,180,198
2021-08-26 10:12,229,182
2021-08-26 10:22,200,190
2021-08-26 10:32,206,192
2021-08-26 10:42,181,199
2021-08-26 10:52,191,183
2021-08-26 11:02,174,190
2021-08-26 11:12,208,160
2021-08-26 11:22,193,200
2021-08-26 11:32,205,189
2021-08-26 11:42,157,194
2021-08-26 11:52,178,167
2021-08-26 12:02,201,170
2021-08-26 12:12,206,203
2021-08-26 12:22,185,213
2021-08-26 12:32,234,183
2021-08-26 12:42,194,189
2021-08-26 12:52,149,181
2021-08-26 13:02,162,144
2021-08-26 13:12,175,174
2021-08-26 13:22,187,190
2021-08-26 13:32,126,173
2021-08-26 13:42,275,128
2021-08-26 13:52,240,235
2021-08-26 14:02,204,140
2021-08-26 14:12,122,200
2021-08-26 14:22,239,214
2021-08-26 14:32,258,260
2021-08-26 14:42,152,259
2021-08-26 14:52,278,168
2021-08-26 15:02,227,139
2021-08-26 15:12,66,164
2021-08-26 15:22,71,226
2021-08-26 15:32,107,76
2021-08-26 15:42,129,95
2021-08-26 15:52,108,126
2021-08-26 16:02,68,109
2021-08-26 16:12,94,107
2021-08-26 16:22,138,106
2021-08-26 16:32,251,139
2021-08-26 16:42,233,196
2021-08-26 16:52,146,252
2021-08-26 17:02,270,156
2021-08-26 17:12,61,205
2021-08-26 17:22,133,101
2021-08-26 17:32,71,108
2021-08-26 17:42,355,280
2021-08-26 17:52,96,18
2021-08-26 18:02,135,111
2021-08-26 18:12,21,85
2021-08-26 18:22,326,17
2021-08-26 18:32,340,340
2021-08-26 18:42,267,327
2021-08-26 18:52,261,318
2021-08-26 19:02,122,310
2021-08-26 19:12,99,21
2021-08-26 19:22,11,320
2021-08-26 19:32,9,323
2021-08-26 19:42,292,359
2021-08-26 19:52,315,281
2021-08-26 20:02,323,309
2021-08-26 20:12,322,280
2021-08-26 20:22,316,320
2021-08-26 20:32,342,323
2021-08-26 20:42,313,327
2021-08-26 20:52,352,312
2021-08-26 21:02,309,332
2021-08-26 21:12,314,310
2021-08-26 21:22,303,308
2021-08-26 21:32,290,307
2021-08-26 21:42,326,300
2021-08-26 21:52,271,299
2021-08-26 22:02,259,308
2021-08-26 22:12,65,291
2021-08-26 22:22,244,305
2021-08-26 22:32,252,271
2021-08-26 22:42,296,275
2021-08-26 22:52,295,296
2021-08-26 23:02,312,316
2021-08-26 23:12,309,297
2021-08-26 23:22,299,311
2021-08-26 23:32,287,311
2021-08-26 23:42,266,293
2021-08-26 23:52,278,281
2021-08-27 0:02,248,277
2021-08-27 0:12,270,253
2021-08-27 0:22,282,255
2021-08-27 0:32,284,268
2021-08-27 0:42,292,279
2021-08-27 0:52,290,284
2021-08-27 1:02,303,287
2021-08-27 1:12,305,284
2021-08-27 1:22,268,299
2021-08-27 1:32,300,296
2021-08-27 1:42,290,293
2021-08-27 1:52,284,289
2021-08-27 2:02,309,284
2021-08-27 2:12,305,297
2021-08-27 2:22,299,297
2021-08-27 2:32,297,295
2021-08-27 2:42,294,294
2021-08-27 2:52,284,291
2021-08-27 3:02,295,295
2021-08-27 3:12,289,292
2021-08-27 3:22,283,292
2021-08-27 3:32,276,285
2021-08-27 3:42,304,287
2021-08-27 3:52,304,301
2021-08-27 4:02,288,301
2021-08-27 4:12,246,279
2021-08-27 4:22,289,251
2021-08-27 4:32,281,276
2021-08-27 4:42,259,281
2021-08-27 4:52,292,265
2021-08-27 5:02,288,295
2021-08-27 5:12,301,287
2021-08-27 5:22,274,295
2021-08-27 5:32,293,272
2021-08-27 5:42,265,287
2021-08-27 5:52,287,269
2021-08-27 6:02,288,284
2021-08-27 6:12,273,291
2021-08-27 6:22,284,284
2021-08-27 6:32,300,288
2021-08-27 6:42,272,279
2021-08-27 6:52,261,281
2021-08-27 7:02,264,274
2021-08-27 7:12,283,267
2021-08-27 7:22,285,272
2021-08-27 7:32,264,275
2021-08-27 7:42,281,270
2021-08-27 7:52,262,282
2021-08-27 8:02,266,277
2021-08-27 8:12,263,263
2021-08-27 8:22,261,263
2021-08-27 8:32,252,262
2021-08-27 8:42,251,255
2021-08-27 8:52,244,270
2021-08-27 9:02,248,246
2021-08-27 9:12,255,251
2021-08-27 9:22,251,249
2021-08-27 9:32,111,265
2021-08-27 9:42,322,160
2021-08-27 9:52,98,321
2021-08-27 10:02,91,118
2021-08-27 10:12,149,82
2021-08-27 10:22,73,118
2021-08-27 10:32,76,74
2021-08-27 10:42,100,108
2021-08-27 10:52,133,120
2021-08-27 11:02,234,172
2021-08-27 11:12,78,182
2021-08-27 11:22,290,63
2021-08-27 11:32,331,352
2021-08-27 11:42,283,338
2021-08-27 11:52,282,297
2021-08-27 12:02,296,286
2021-08-27 12:12,259,292
2021-08-27 12:22,267,249
2021-08-27 12:32,287,262
2021-08-27 12:42,275,272
2021-08-27 12:52,266,259
2021-08-27 13:02,272,259
2021-08-27 13:12,310,255
2021-08-27 13:22,294,286
2021-08-27 13:32,306,302
2021-08-27 13:42,249,292
2021-08-27 13:52,283,253
2021-08-27 14:02,276,288
2021-08-27 14:12,274,284
2021-08-27 14:22,319,278
2021-08-27 14:32,296,283
2021-08-27 14:42,284,285
2021-08-27 14:52,16,294
2021-08-27 15:02,313,25
2021-08-27 15:12,329,350
2021-08-27 15:22,2,330
2021-08-27 15:32,312,6
2021-08-27 15:42,301,324
2021-08-27 15:52,301,317
2021-08-27 16:02,306,313
2021-08-27 16:12,296,307
2021-08-27 16:22,270,296
2021-08-27 16:32,273,270
2021-08-27 16:42,302,259
2021-08-27 16:52,304,271
2021-08-27 17:02,272,291
2021-08-27 17:12,134,257
2021-08-27 17:22,228,186
2021-08-27 17:32,109,232
2021-08-27 17:42,43,112
2021-08-27 17:52,100,204
2021-08-27 18:02,232,149
2021-08-27 18:12,65,220
2021-08-27 18:22,89,21
2021-08-27 18:32,183,124
2021-08-27 18:42,259,162
2021-08-27 18:52,285,258
2021-08-27 19:02,287,48
2021-08-27 19:12,240,359
2021-08-27 19:22,249,210
2021-08-27 19:32,272,252
2021-08-27 19:42,220,261
2021-08-27 19:52,214,237
2021-08-27 20:02,235,234
2021-08-27 20:12,184,252
2021-08-27 20:22,238,239
2021-08-27 20:32,255,304
2021-08-27 20:42,267,262
2021-08-27 20:52,257,265
2021-08-27 21:02,265,249
2021-08-27 21:12,250,262
2021-08-27 21:22,281,251
2021-08-27 21:32,310,278
2021-08-27 21:42,230,302
2021-08-27 21:52,135,321
2021-08-27 22:02,63,239
2021-08-27 22:12,251,58
2021-08-27 22:22,273,262
2021-08-27 22:32,235,274
2021-08-27 22:42,327,252
2021-08-27 22:52,255,299
2021-08-27 23:02,254,274
2021-08-27 23:12,264,247
2021-08-27 23:22,245,255
2021-08-27 23:32,255,264
2021-08-27 23:42,268,256
2021-08-27 23:52,294,249
2021-08-28 0:02,252,280
2021-08-28 0:12,270,254
2021-08-28 0:22,253,260
2021-08-28 0:32,246,254
2021-08-28 0:42,11,247
2021-08-28 0:52,7,327
2021-08-28 1:02,350,334
2021-08-28 1:12,311,338
2021-08-28 1:22,287,311
2021-08-28 1:32,287,306
2021-08-28 1:42,297,279
2021-08-28 1:52,310,296
2021-08-28 2:02,295,299
2021-08-28 2:12,308,295
2021-08-28 2:22,307,304
2021-08-28 2:32,339,301
2021-08-28 2:42,312,316
2021-08-28 2:52,236,294
2021-08-28 3:02,304,267
2021-08-28 3:12,314,302
2021-08-28 3:22,307,293
2021-08-28 3:32,324,308
2021-08-28 3:42,300,319
2021-08-28 3:52,302,303
2021-08-28 4:02,310,301
2021-08-28 4:12,309,320
2021-08-28 4:22,285,314
2021-08-28 4:32,299,299
2021-08-28 4:42,326,305
2021-08-28 4:52,320,324
2021-08-28 5:02,317,320
2021-08-28 5:12,298,319
2021-08-28 5:22,320,313
2021-08-28 5:32,309,312
2021-08-28 5:42,270,313
2021-08-28 5:52,312,281
2021-08-28 6:02,284,304
2021-08-28 6:12,276,296
2021-08-28 6:22,282,285
2021-08-28 6:32,290,289
2021-08-28 6:42,299,289
2021-08-28 6:52,293,299
2021-08-28 7:02,275,286
2021-08-28 7:12,282,280
2021-08-28 7:22,276,283
2021-08-28 7:32,278,279
2021-08-28 7:42,278,276
2021-08-28 7:52,305,258
2021-08-28 8:02,255,294
2021-08-28 8:12,277,271
2021-08-28 8:22,261,277
2021-08-28 8:32,262,267
2021-08-28 8:42,256,263
2021-08-28 8:52,256,255
2021-08-28 9:02,249,263
2021-08-28 9:12,256,261
2021-08-28 9:22,271,254
2021-08-28 9:32,255,261
2021-08-28 9:42,155,255
2021-08-28 9:52,294,188
2021-08-28 10:02,256,264
2021-08-28 10:12,310,276
2021-08-28 10:22,276,298
2021-08-28 10:32,215,289
2021-08-28 10:42,182,233
2021-08-28 10:52,254,171
2021-08-28 11:02,157,225
2021-08-28 11:12,201,214
2021-08-28 11:22,195,198
2021-08-28 11:32,190,189
2021-08-28 11:42,215,195
2021-08-28 11:52,119,210
2021-08-28 12:02,205,161
2021-08-28 12:12,176,197
2021-08-28 12:22,209,184
2021-08-28 12:32,190,200
2021-08-28 12:42,185,184
2021-08-28 12:52,187,197
2021-08-28 13:02,151,199
2021-08-28 13:12,177,165
2021-08-28 13:22,187,200
2021-08-28 13:32,2,188
2021-08-28 13:42,216,208
2021-08-28 13:52,93,202
2021-08-28 14:02,226,140
2021-08-28 14:12,183,175
2021-08-28 14:22,94,176
2021-08-28 14:32,114,133
2021-08-28 14:42,186,137
2021-08-28 14:52,146,176
2021-08-28 15:02,171,183
2021-08-28 15:12,104,169
2021-08-28 15:22,58,137
2021-08-28 15:32,146,114
2021-08-28 15:42,209,173
2021-08-28 15:52,161,172
2021-08-28 16:02,144,166
2021-08-28 16:12,95,157
2021-08-28 16:22,99,155
2021-08-28 16:32,186,141
2021-08-28 16:42,308,181
2021-08-28 16:52,264,250
2021-08-28 17:02,289,281
2021-08-28 17:12,260,307
2021-08-28 17:22,275,283
2021-08-28 17:32,315,282
2021-08-28 17:42,357,290
2021-08-28 17:52,256,331
2021-08-28 18:02,300,276
2021-08-28 18:12,261,272
2021-08-28 18:22,289,269
2021-08-28 18:32,286,259
2021-08-28 18:42,279,281
2021-08-28 18:52,256,277
2021-08-28 19:02,258,246
2021-08-28 19:12,296,259
2021-08-28 19:22,317,269
2021-08-28 19:32,283,346
2021-08-28 19:42,288,294
2021-08-28 19:52,309,286
2021-08-28 20:02,289,304
2021-08-28 20:12,267,278
2021-08-28 20:22,265,273
2021-08-28 20:32,290,275
2021-08-28 20:42,294,293
2021-08-28 20:52,252,293
2021-08-28 21:02,290,278
2021-08-28 21:12,293,286
2021-08-28 21:22,292,292
2021-08-28 21:32,263,300
2021-08-28 21:42,267,275
2021-08-28 21:52,285,260
2021-08-28 22:02,254,283
2021-08-28 22:12,274,264
2021-08-28 22:22,267,270
2021-08-28 22:32,276,262
2021-08-28 22:42,245,276
2021-08-28 22:52,268,256
2021-08-28 23:02,299,260
2021-08-28 23:12,283,279
2021-08-28 23:22,276,281
2021-08-28 23:32,290,281
2021-08-28 23:42,266,294
2021-08-28 23:52,287,280
2021-08-29 0:02,246,286
2021-08-29 0:12,293,283
2021-08-29 0:22,266,265
2021-08-29 0:32,304,267
2021-08-29 0:42,321,293
2021-08-29 0:52,318,300
2021-08-29 1:02,309,335
2021-08-29 1:12,316,311
2021-08-29 1:22,313,309
2021-08-29 1:32,285,314
2021-08-29 1:42,319,280
2021-08-29 1:52,303,316
2021-08-29 2:02,287,298
2021-08-29 2:12,329,282
2021-08-29 2:22,268,292
2021-08-29 2:32,322,290
2021-08-29 2:42,324,313
2021-08-29 2:52,304,332
2021-08-29 3:02,277,277
2021-08-29 3:12,307,285
2021-08-29 3:22,307,315
2021-08-29 3:32,355,296
2021-08-29 3:42,282,320
2021-08-29 3:52,258,322
2021-08-29 4:02,255,269
2021-08-29 4:12,254,258
2021-08-29 4:22,256,251
2021-08-29 4:32,296,284
2021-08-29 4:42,317,300
2021-08-29 4:52,310,295
2021-08-29 5:02,307,327
2021-08-29 5:12,249,308
2021-08-29 5:22,259,280
2021-08-29 5:32,314,259
2021-08-29 5:42,1,309
2021-08-29 5:52,344,332
2021-08-29 6:02,323,330
2021-08-29 6:12,298,324
2021-08-29 6:22,287,291
2021-08-29 6:32,285,294
2021-08-29 6:42,299,291
2021-08-29 6:52,302,286
2021-08-29 7:02,298,301
2021-08-29 7:12,295,304
2021-08-29 7:22,301,295
2021-08-29 7:32,299,300
2021-08-29 7:42,243,290
2021-08-29 7:52,253,253
2021-08-29 8:02,279,273
2021-08-29 8:12,254,271
2021-08-29 8:22,297,250
2021-08-29 8:32,266,299
2021-08-29 8:42,280,274
2021-08-29 8:52,272,282
2021-08-29 9:02,243,267
2021-08-29 9:12,242,255
2021-08-29 9:22,284,257
2021-08-29 9:32,289,265
2021-08-29 9:42,255,284
2021-08-29 9:52,248,270
2021-08-29 10:02,258,247
2021-08-29 10:12,265,256
2021-08-29 10:22,301,263
2021-08-29 10:32,287,288
2021-08-29 10:42,270,287
2021-08-29 10:52,257,280
2021-08-29 11:02,290,265
2021-08-29 11:12,274,277
2021-08-29 11:22,277,274
2021-08-29 11:32,294,281
2021-08-29 11:42,292,299
2021-08-29 11:52,273,328
2021-08-29 12:02,269,260
2021-08-29 12:12,292,255
2021-08-29 12:22,284,275
2021-08-29 12:32,242,272
2021-08-29 12:42,252,245
2021-08-29 12:52,274,253
2021-08-29 13:02,262.5,262
2021-08-29 13:12,280,256
2021-08-29 13:22,264.5,267
2021-08-29 13:32,244,269
2021-08-29 13:42,202,250
2021-08-29 13:52,165.3,236
2021-08-29 14:02,203.5,198
2021-08-29 14:12,26,217
2021-08-29 14:22,204.5,213
2021-08-29 14:32,178.5,186
2021-08-29 14:42,195.5,161
2021-08-29 14:52,181,197
2021-08-29 15:02,183.5,183
2021-08-29 15:12,235.5,183
2021-08-29 15:22,204.5,235
2021-08-29 15:32,274.5,225
2021-08-29 15:42,244,224
2021-08-29 15:52,235,227
2021-08-29 16:02,210.5,244
2021-08-29 16:12,185.6,220
2021-08-29 16:22,269.1,198
2021-08-29 16:32,182.9,233
2021-08-29 16:42,199.9,216
2021-08-29 16:52,168,200
2021-08-29 17:02,202.4,201
2021-08-29 17:12,198.4,205
2021-08-29 17:22,141.6,188
2021-08-29 17:32,80.1,200
2021-08-29 17:42,102,92
2021-08-29 17:52,68.5,79
2021-08-29 18:02,53.4,76
2021-08-29 18:12,62.8,63
2021-08-29 18:22,21.4,69
2021-08-29 18:32,294,32
2021-08-29 18:42,264.3,322
2021-08-29 18:52,335.8,274
2021-08-29 19:02,283.1,286
2021-08-29 19:12,304.1,290
2021-08-29 19:22,307,293
2021-08-29 19:32,295.1,313
2021-08-29 19:42,303.5,303
2021-08-29 19:52,299.8,303
2021-08-29 20:02,298.3,301
2021-08-29 20:12,301.9,299
2021-08-29 20:22,303.2,299
2021-08-29 20:32,292.1,305
2021-08-29 20:42,287.5,293
2021-08-29 20:52,304.7,291
2021-08-29 21:02,310.4,297
2021-08-29 21:12,297.7,314
2021-08-29 21:22,267.4,305
2021-08-29 21:32,244.8,284
2021-08-29 21:42,301.4,250
2021-08-29 21:52,312.6,291
2021-08-29 22:02,327.5,304
2021-08-29 22:12,308.9,311
2021-08-29 22:22,304,311
2021-08-29 22:32,304.1,310
2021-08-29 22:42,297,298
2021-08-29 22:52,300.1,301
2021-08-29 23:02,288.3,305
2021-08-29 23:12,268.9,300
2021-08-29 23:22,260.8,277
2021-08-29 23:32,274.1,265
2021-08-29 23:42,271,280
2021-08-29 23:52,257.9,273
2021-08-30 0:02,277.4,262
2021-08-30 0:12,263.8,261
2021-08-30 0:22,263.9,266
2021-08-30 0:32,275.7,271
2021-08-30 0:42,252.9,276
2021-08-30 0:52,255.9,260
2021-08-30 1:02,253.9,252
2021-08-30 1:12,264.7,261
2021-08-30 1:22,286.8,253
2021-08-30 1:32,287.9,276
2021-08-30 1:42,272.8,285
2021-08-30 1:52,303.1,286
2021-08-30 2:02,279.1,293
2021-08-30 2:12,301.3,283
2021-08-30 2:22,306.9,302
2021-08-30 2:32,297.1,299
2021-08-30 2:42,292.2,316
2021-08-30 2:52,301.8,301
2021-08-30 3:02,347.3,299
2021-08-30 3:12,294,312
2021-08-30 3:22,329.5,308
2021-08-30 3:32,308,309
2021-08-30 3:42,308,312
2021-08-30 3:52,315.3,308
2021-08-30 4:02,285.1,311
2021-08-30 4:12,306.2,306
2021-08-30 4:22,304.1,304
2021-08-30 4:32,302.3,309
2021-08-30 4:42,287.1,313
2021-08-30 4:52,283.6,285
2021-08-30 5:02,259.7,289
2021-08-30 5:12,272.5,276
2021-08-30 5:22,276.9,278
2021-08-30 5:32,283.9,280
2021-08-30 5:42,285,272
2021-08-30 5:52,288.1,286
2021-08-30 6:02,265.9,281
2021-08-30 6:12,250.2,272
2021-08-30 6:22,265.1,258
2021-08-30 6:32,264,279
2021-08-30 6:42,270.9,272
2021-08-30 6:52,302,276
2021-08-30 7:02,286.9,292
2021-08-30 7:12,274.2,278
2021-08-30 7:22,273.1,291
2021-08-30 7:32,314,288
2021-08-30 7:42,265,300
2021-08-30 7:52,250.2,268
2021-08-30 8:02,229.1,255
2021-08-30 8:12,258,257
2021-08-30 8:22,281,256
2021-08-30 8:32,279,264
2021-08-30 8:42,276.1,268
2021-08-30 8:52,290.9,293
2021-08-30 9:02,227.1,280
2021-08-30 9:12,255,253
2021-08-30 9:22,245,261
2021-08-30 9:32,252,267
2021-08-30 9:42,239,253
2021-08-30 9:52,251,250
2021-08-30 10:02,252,249
2021-08-30 10:12,251,252
2021-08-30 10:22,250.1,253
2021-08-30 10:32,243,254
2021-08-30 10:42,251,243
2021-08-30 10:52,282.9,248
2021-08-30 11:02,239.9,250
2021-08-30 11:12,339.4,251
2021-08-30 11:22,99.1,284
2021-08-30 11:32,136,125
2021-08-30 11:42,135,140
2021-08-30 11:52,128,133
2021-08-30 12:02,237,139
2021-08-30 12:12,132,225
2021-08-30 12:22,220,134
2021-08-30 12:32,84.1,179
2021-08-30 12:42,283,189
2021-08-30 12:52,148,106
2021-08-30 13:02,213.1,163
2021-08-30 13:12,243.9,218
2021-08-30 13:22,119.9,232
2021-08-30 13:32,251.7,169
2021-08-30 13:42,252.7,228
2021-08-30 13:52,103.1,193
2021-08-30 14:02,334.9,220
2021-08-30 14:12,300,168
2021-08-30 14:22,141,243
2021-08-30 14:32,196,197
2021-08-30 14:42,194,195
2021-08-30 14:52,82.1,175
2021-08-30 15:02,206,135
2021-08-30 15:12,195,223
2021-08-30 15:22,146,215
2021-08-30 15:32,126,180
2021-08-30 15:42,176,126
2021-08-30 15:52,138,174
2021-08-30 16:02,329,204
2021-08-30 16:12,238,219
2021-08-30 16:22,274,235
2021-08-30 16:32,238,228
2021-08-30 16:42,205,228
2021-08-30 16:52,273,239
2021-08-30 17:02,243,240
2021-08-30 17:12,277,250
2021-08-30 17:22,236,252
2021-08-30 17:32,275,260
2021-08-30 17:42,253,261
2021-08-30 17:52,281,260
2021-08-30 18:02,284,264
2021-08-30 18:12,280,276
2021-08-30 18:22,265,279
2021-08-30 18:32,252,275
2021-08-30 18:42,314,256
2021-08-30 18:52,263,297
2021-08-30 19:02,278,271
2021-08-30 19:12,277,276
2021-08-30 19:22,298,252
2021-08-30 19:32,289,283
2021-08-30 19:42,291,313
2021-08-30 19:52,251,298
2021-08-30 20:02,260,267
2021-08-30 20:12,257,271
2021-08-30 20:22,246,264
2021-08-30 20:32,280,249
2021-08-30 20:42,247,258
2021-08-30 20:52,320,258
2021-08-30 21:02,287,305
2021-08-30 21:12,257,300
2021-08-30 21:22,310,262
2021-08-30 21:32,299,279
2021-08-30 21:42,352,310
2021-08-30 21:52,251,329
2021-08-30 22:02,246,296
2021-08-30 22:12,247,250
2021-08-30 22:22,332,244
2021-08-30 22:32,297,294
2021-08-30 22:42,306,296
2021-08-30 22:52,297,298
2021-08-30 23:02,298,303
2021-08-30 23:12,312,302
2021-08-30 23:22,297,316
2021-08-30 23:32,303,300
2021-08-30 23:42,291,296
2021-08-30 23:52,287,296
2021-08-31 0:02,297,295
2021-08-31 0:12,304,301
2021-08-31 0:22,293,301
2021-08-31 0:32,294,293
2021-08-31 0:42,295,295
2021-08-31 0:52,298,296
2021-08-31 1:02,302,302
2021-08-31 1:12,300,293
2021-08-31 1:22,283,295
2021-08-31 1:32,292,287
2021-08-31 1:42,263,283
2021-08-31 1:52,270,282
2021-08-31 2:02,274,277
2021-08-31 2:12,272,268
2021-08-31 2:22,288,277
2021-08-31 2:32,280,289
2021-08-31 2:42,295,283
2021-08-31 2:52,285,292
2021-08-31 3:02,273,288
2021-08-31 3:12,279,276
2021-08-31 3:22,281,282
2021-08-31 3:32,291,282
2021-08-31 3:42,263,291
2021-08-31 3:52,284,282
2021-08-31 4:02,275,283
2021-08-31 4:12,275,274
2021-08-31 4:22,264,269
2021-08-31 4:32,294,275
2021-08-31 4:42,285,289
2021-08-31 4:52,301,286
2021-08-31 5:02,285,292
2021-08-31 5:12,273,297
2021-08-31 5:22,269,287
2021-08-31 5:32,291,283
2021-08-31 5:42,287,293
2021-08-31 5:52,293,286
2021-08-31 6:02,296,287
2021-08-31 6:12,293,295
2021-08-31 6:22,299,294
2021-08-31 6:32,296,297
2021-08-31 6:42,300,291
2021-08-31 6:52,296,296
2021-08-31 7:02,283,293
2021-08-31 7:12,282,291
2021-08-31 7:22,272,282
2021-08-31 7:32,272,269
2021-08-31 7:42,289,281
2021-08-31 7:52,281,289
2021-08-31 8:02,287,280
2021-08-31 8:12,279,289
2021-08-31 8:22,293,278
2021-08-31 8:32,266,294
2021-08-31 8:42,278,271
2021-08-31 8:52,291,267
2021-08-31 9:02,273,279
2021-08-31 9:12,289,271
2021-08-31 9:22,279,279
2021-08-31 9:32,289,285
2021-08-31 9:42,272,276
2021-08-31 9:52,244,274
2021-08-31 10:02,263,251
2021-08-31 10:12,246,267
2021-08-31 10:22,280,252
2021-08-31 10:32,337,266
2021-08-31 10:42,26,308
2021-08-31 10:52,356,351
2021-08-31 11:02,229,353
2021-08-31 11:12,246,32
2021-08-31 11:22,255,242
2021-08-31 11:32,301,244
2021-08-31 11:42,87,269
2021-08-31 11:52,89,34
2021-08-31 12:02,86,82
2021-08-31 12:12,83,84
2021-08-31 12:22,80,82
2021-08-31 12:32,81,76
2021-08-31 12:42,50,79
2021-08-31 12:52,77,66
2021-08-31 13:02,53,67
2021-08-31 13:12,42,66
2021-08-31 13:22,64,50
2021-08-31 13:32,76,42
2021-08-31 13:42,57,74
2021-08-31 13:52,55,50
2021-08-31 14:02,79,59
2021-08-31 14:12,74,60
2021-08-31 14:22,61,74
2021-08-31 14:32,51,61
2021-08-31 14:42,60,60
2021-08-31 14:52,36,62
2021-08-31 15:02,57,55
2021-08-31 15:12,69,60
2021-08-31 15:22,77,66
2021-08-31 15:32,53,53
2021-08-31 15:42,60,44
2021-08-31 15:52,35,66
2021-08-31 16:02,21,50
2021-08-31 16:12,67,44
2021-08-31 16:22,316,62
2021-08-31 16:32,60,342
2021-08-31 16:42,75,36
2021-08-31 16:52,32,70
2021-08-31 17:02,352,49
2021-08-31 17:12,56,353
2021-08-31 17:22,62,54
2021-08-31 17:32,28,40
2021-08-31 17:42,43,46
2021-08-31 17:52,51,21
2021-08-31 18:02,41,35
2021-08-31 18:12,15,45
2021-08-31 18:22,22,37
2021-08-31 18:32,339,22
2021-08-31 18:42,23,21
2021-08-31 18:52,345,26
2021-08-31 19:02,2,354
2021-08-31 19:12,304,342
2021-08-31 19:22,250,1
2021-08-31 19:32,289,251
2021-08-31 19:42,260,281
2021-08-31 19:52,291,267
2021-08-31 20:02,290,298
2021-08-31 20:12,291,293
2021-08-31 20:22,277,279
2021-08-31 20:32,301,282
2021-08-31 20:42,280,302
2021-08-31 20:52,268,292
2021-08-31 21:02,280,252
2021-08-31 21:12,253,279
2021-08-31 21:22,235,256
2021-08-31 21:32,246,245
2021-08-31 21:42,250,245
2021-08-31 21:52,236,247
2021-08-31 22:02,239,243
2021-08-31 22:12,295,249
2021-08-31 22:22,245,273
2021-08-31 22:32,246,283
2021-08-31 22:42,285,250
2021-08-31 22:52,267,264
2021-08-31 23:02,276,261
2021-08-31 23:12,309,283
2021-08-31 23:22,271,294
2021-08-31 23:32,287,289
2021-08-31 23:42,307,273
2021-08-31 23:52,313,298